v -13.299775390625 12.95 81.83771875
v -13.299775390625 12.95 81.83771875
v -13.299775390625 12.95 81.83771875
v -13.299775390625 12.9 81.83771875
v -13.299775390625 12.9 81.83771875
v -13.299775390625 12.9 81.83771875
v -12.989751953125 12.9 82.6895
v -12.989751953125 12.9 82.6895
v -12.989751953125 12.9 82.6895
v -12.989751953125 12.95 82.6895
v -12.989751953125 12.95 82.6895
v -12.989751953125 12.95 82.6895
v -12.4546318359375 12.95 81.5554765625
v -12.4546318359375 12.95 81.5554765625
v -11.5799345703125 12.95 81.3856796875
v -11.5799345703125 12.95 81.3856796875
v -10.690576171875 12.95 81.3312109375
v -10.690576171875 12.95 81.3312109375
v -9.8016953125 12.95 81.3929921875
v -9.8016953125 12.95 81.3929921875
v -8.9284248046875 12.95 81.5699765625
v -8.9284248046875 12.95 81.5699765625
v -8.0856298828125 12.95 81.85915625
v -8.0856298828125 12.95 81.85915625
v -7.287658203125 12.95 82.25559375
v -7.287658203125 12.95 82.25559375
v -6.54809375 12.95 82.7525546875
v -6.54809375 12.95 82.7525546875
v -5.87952734375 12.95 83.341578125
v -5.87952734375 12.95 83.341578125
v -5.29333984375 12.95 84.0126328125
v -5.29333984375 12.95 84.0126328125
v -4.799509765625 12.95 84.7542890625
v -4.799509765625 12.95 84.7542890625
v -4.799509765625 12.95 84.7542890625
v -4.799509765625 12.9 84.7542890625
v -4.799509765625 12.9 84.7542890625
v -4.799509765625 12.9 84.7542890625
v -5.29333984375 12.9 84.0126328125
v -5.29333984375 12.9 84.0126328125
v -5.87952734375 12.9 83.341578125
v -5.87952734375 12.9 83.341578125
v -6.54809375 12.9 82.7525546875
v -6.54809375 12.9 82.7525546875
v -7.287658203125 12.9 82.25559375
v -7.287658203125 12.9 82.25559375
v -8.0856298828125 12.9 81.85915625
v -8.0856298828125 12.9 81.85915625
v -8.9284248046875 12.9 81.5699765625
v -8.9284248046875 12.9 81.5699765625
v -9.8016953125 12.9 81.3929921875
v -9.8016953125 12.9 81.3929921875
v -10.690576171875 12.9 81.3312109375
v -10.690576171875 12.9 81.3312109375
v -11.5799345703125 12.9 81.3856796875
v -11.5799345703125 12.9 81.3856796875
v -12.4546318359375 12.9 81.5554765625
v -12.4546318359375 12.9 81.5554765625
v -5.2268388671875 12.95 85.245875
v -5.2268388671875 12.95 85.245875
v -5.2268388671875 12.95 85.245875
v -5.2268388671875 12.9 85.245875
v -5.2268388671875 12.9 85.245875
v -5.2268388671875 12.9 85.245875
v 15.038259765625 12.9 106.325140625
v 15.038259765625 12.9 106.325140625
v 15.038259765625 12.9 106.325140625
v 15.038259765625 12.95 106.325140625
v 15.038259765625 12.95 106.325140625
v 15.038259765625 12.95 106.325140625
v 12.119880859375 12.95 106.461828125
v 12.119880859375 12.95 106.461828125
v 9.1984580078125 12.95 106.4919921875
v 9.1984580078125 12.95 106.4919921875
v 6.27787841796875 12.95 106.41559375
v 6.27787841796875 12.95 106.41559375
v 3.362027587890625 12.95 106.2327421875
v 3.362027587890625 12.95 106.2327421875
v 0.4547850952148437 12.95 105.943671875
v 0.4547850952148437 12.95 105.943671875
v -2.4399814453125 12.95 105.548765625
v -2.4399814453125 12.95 105.548765625
v -5.31842041015625 12.95 105.0485546875
v -5.31842041015625 12.95 105.0485546875
v -5.31842041015625 12.95 105.0485546875
v -5.31842041015625 12.9 105.0485546875
v -5.31842041015625 12.9 105.0485546875
v -5.31842041015625 12.9 105.0485546875
v -2.4399814453125 12.9 105.548765625
v -2.4399814453125 12.9 105.548765625
v 0.4547850952148437 12.9 105.943671875
v 0.4547850952148437 12.9 105.943671875
v 3.362027587890625 12.9 106.2327421875
v 3.362027587890625 12.9 106.2327421875
v 6.27787841796875 12.9 106.41559375
v 6.27787841796875 12.9 106.41559375
v 9.1984580078125 12.9 106.4919921875
v 9.1984580078125 12.9 106.4919921875
v 12.119880859375 12.9 106.461828125
v 12.119880859375 12.9 106.461828125
v -34.6624609375 12.95 68.4501328125
v -34.6624609375 12.95 68.4501328125
v -34.6624609375 12.95 68.4501328125
v -34.6624609375 12.9 68.4501328125
v -34.6624609375 12.9 68.4501328125
v -34.6624609375 12.9 68.4501328125
v -41.58537109375 12.9 75.5272578125
v -41.58537109375 12.9 75.5272578125
v -48.50828515625 12.9 82.6043828125
v -48.50828515625 12.9 82.6043828125
v -48.50828515625 12.9 82.6043828125
v -48.50828515625 12.95 82.6043828125
v -48.50828515625 12.95 82.6043828125
v -48.50828515625 12.95 82.6043828125
v -41.58537109375 12.95 75.5272578125
v -41.58537109375 12.95 75.5272578125
v 22.366501953125 12.95 86.0978828125
v 22.366501953125 12.95 86.0978828125
v 22.366501953125 12.95 86.0978828125
v 22.366501953125 12.9 86.0978828125
v 22.366501953125 12.9 86.0978828125
v 22.366501953125 12.9 86.0978828125
v 19.7888046875 12.9 86.5533203125
v 19.7888046875 12.9 86.5533203125
v 17.194755859375 12.9 86.903828125
v 17.194755859375 12.9 86.903828125
v 14.588626953125 12.9 87.14884375
v 14.588626953125 12.9 87.14884375
v 11.9747041015625 12.9 87.287953125
v 11.9747041015625 12.9 87.287953125
v 9.3572900390625 12.9 87.3209296875
v 9.3572900390625 12.9 87.3209296875
v 6.74069189453125 12.9 87.2477265625
v 6.74069189453125 12.9 87.2477265625
v 4.1292158203125 12.9 87.068453125
v 4.1292158203125 12.9 87.068453125
v 1.52716015625 12.9 86.78340625
v 1.52716015625 12.9 86.78340625
v -1.0611934814453126 12.9 86.3930625
v -1.0611934814453126 12.9 86.3930625
v -1.0611934814453126 12.9 86.3930625
v -1.0611934814453126 12.95 86.3930625
v -1.0611934814453126 12.95 86.3930625
v -1.0611934814453126 12.95 86.3930625
v 1.52716015625 12.95 86.78340625
v 1.52716015625 12.95 86.78340625
v 4.1292158203125 12.95 87.068453125
v 4.1292158203125 12.95 87.068453125
v 6.74069189453125 12.95 87.2477265625
v 6.74069189453125 12.95 87.2477265625
v 9.3572900390625 12.95 87.3209296875
v 9.3572900390625 12.95 87.3209296875
v 11.9747041015625 12.95 87.287953125
v 11.9747041015625 12.95 87.287953125
v 14.588626953125 12.95 87.14884375
v 14.588626953125 12.95 87.14884375
v 17.194755859375 12.95 86.903828125
v 17.194755859375 12.95 86.903828125
v 19.7888046875 12.95 86.5533203125
v 19.7888046875 12.95 86.5533203125
v 38.818484375 12.95 101.2490390625
v 38.818484375 12.95 101.2490390625
v 38.818484375 12.9 101.2490390625
v 38.818484375 12.9 101.2490390625
v 38.818484375 12.9 101.2490390625
v 40.51614453125 12.9 100.5642265625
v 40.51614453125 12.9 100.5642265625
v 42.19668359375 12.9 99.8384140625
v 42.19668359375 12.9 99.8384140625
v 43.85911328125 12.9 99.0720234375
v 43.85911328125 12.9 99.0720234375
v 43.85911328125 12.9 99.0720234375
v 43.85911328125 12.93 99.0720234375
v 43.85911328125 12.93 99.0720234375
v 43.85911328125 12.93 99.0720234375
v 43.85088671875 12.93 99.0759375
v 43.85088671875 12.93 99.0759375
v 43.85088671875 12.93 99.0759375
v 43.85088671875 12.95 99.0759375
v 43.85088671875 12.95 99.0759375
v 43.85088671875 12.95 99.0759375
v 42.19113671875 12.95 99.840890625
v 42.19113671875 12.95 99.840890625
v 40.51333984375 12.95 100.5653984375
v 40.51333984375 12.95 100.5653984375
v 37.11400390625 12.95 101.884296875
v 37.11400390625 12.95 101.884296875
v 35.3917734375 12.95 102.469734375
v 35.3917734375 12.95 102.469734375
v 33.65325390625 12.95 103.0048515625
v 33.65325390625 12.95 103.0048515625
v 33.65325390625 12.95 103.0048515625
v 33.65325390625 12.9 103.0048515625
v 33.65325390625 12.9 103.0048515625
v 33.65325390625 12.9 103.0048515625
v 35.3917734375 12.9 102.469734375
v 35.3917734375 12.9 102.469734375
v 37.11400390625 12.9 101.884296875
v 37.11400390625 12.9 101.884296875
v 32.543091796875 12.95 103.3209453125
v 32.543091796875 12.95 103.3209453125
v 31.42880859375 12.95 103.6221875
v 31.42880859375 12.95 103.6221875
v 30.3106015625 12.95 103.90853125
v 30.3106015625 12.95 103.90853125
v 30.3106015625 12.9 103.90853125
v 30.3106015625 12.9 103.90853125
v 30.3106015625 12.9 103.90853125
v 31.42880859375 12.9 103.6221875
v 31.42880859375 12.9 103.6221875
v 32.543091796875 12.9 103.3209453125
v 32.543091796875 12.9 103.3209453125
v 27.8997421875 12.95 104.48509375
v 27.8997421875 12.95 104.48509375
v 25.478615234375 12.95 105.016890625
v 25.478615234375 12.95 105.016890625
v 23.04805078125 12.95 105.5037421875
v 23.04805078125 12.95 105.5037421875
v 23.04805078125 12.9 105.5037421875
v 23.04805078125 12.9 105.5037421875
v 23.04805078125 12.9 105.5037421875
v 25.478615234375 12.9 105.016890625
v 25.478615234375 12.9 105.016890625
v 27.8997421875 12.9 104.48509375
v 27.8997421875 12.9 104.48509375
v 21.060751953125 12.95 105.8384609375
v 21.060751953125 12.95 105.8384609375
v 19.060873046875 12.95 106.08721875
v 19.060873046875 12.95 106.08721875
v 17.052130859375 12.95 106.249546875
v 17.052130859375 12.95 106.249546875
v 17.052130859375 12.9 106.249546875
v 17.052130859375 12.9 106.249546875
v 19.060873046875 12.9 106.08721875
v 19.060873046875 12.9 106.08721875
v 21.060751953125 12.9 105.8384609375
v 21.060751953125 12.9 105.8384609375
v 35.8771875 12.9 81.4882109375
v 35.8771875 12.9 81.4882109375
v 35.8771875 12.9 81.4882109375
v 35.961671875 12.9 81.6781328125
v 35.961671875 12.9 81.6781328125
v 35.961671875 12.9 81.6781328125
v 35.961671875 12.93 81.6781328125
v 35.961671875 12.93 81.6781328125
v 35.961671875 12.93 81.6781328125
v 35.8771875 12.93 81.4882109375
v 35.8771875 12.93 81.4882109375
v 35.8771875 12.93 81.4882109375
v 36.6917734375 12.9 81.1424375
v 36.6917734375 12.9 81.1424375
v 36.6917734375 12.9 81.1424375
v 36.6917734375 12.93 81.1424375
v 36.6917734375 12.93 81.1424375
v 36.6917734375 12.93 81.1424375
v 44.73555078125 12.9 98.89359375
v 44.73555078125 12.9 98.89359375
v 44.73555078125 12.9 98.89359375
v 40.7136640625 12.9 90.018015625
v 40.7136640625 12.9 90.018015625
v 40.7136640625 12.93 90.018015625
v 40.7136640625 12.93 90.018015625
v 44.73555078125 12.93 98.89359375
v 44.73555078125 12.93 98.89359375
v 44.73555078125 12.93 98.89359375
v 43.94133984375 12.9 99.253484375
v 43.94133984375 12.9 99.253484375
v 43.94133984375 12.9 99.253484375
v 43.94133984375 12.93 99.253484375
v 43.94133984375 12.93 99.253484375
v 43.94133984375 12.93 99.253484375
v 36.04159765625 12.93 81.8915546875
v 36.04159765625 12.93 81.8915546875
v 36.04159765625 12.93 81.8915546875
v 36.177875 12.93 81.83075
v 36.177875 12.93 81.83075
v 36.3140078125 12.93 81.769625
v 36.3140078125 12.93 81.769625
v 36.44999609375 12.93 81.7081953125
v 36.44999609375 12.93 81.7081953125
v 36.44999609375 12.93 81.7081953125
v 40.3099609375 12.93 90.2264296875
v 40.3099609375 12.93 90.2264296875
v 44.16992578125 12.93 98.744671875
v 44.16992578125 12.93 98.744671875
v 44.16992578125 12.93 98.744671875
v 44.04149609375 12.93 98.8063515625
v 44.04149609375 12.93 98.8063515625
v 43.912953125 12.93 98.8677890625
v 43.912953125 12.93 98.8677890625
v 43.78429296875 12.93 98.928984375
v 43.78429296875 12.93 98.928984375
v 43.78429296875 12.93 98.928984375
v 35.95542578125 12.93 81.680953125
v 35.95542578125 12.93 81.680953125
v 35.9491796875 12.93 81.6837734375
v 35.9491796875 12.93 81.6837734375
v 35.9491796875 12.93 81.6837734375
v 36.04159765625 12.95 81.8915546875
v 36.04159765625 12.95 81.8915546875
v 36.04159765625 12.95 81.8915546875
v 36.177875 12.95 81.83075
v 36.177875 12.95 81.83075
v 36.3140078125 12.95 81.769625
v 36.3140078125 12.95 81.769625
v 36.44999609375 12.95 81.7081953125
v 36.44999609375 12.95 81.7081953125
v 36.44999609375 12.95 81.7081953125
v 35.9491796875 12.95 81.6837734375
v 35.9491796875 12.95 81.6837734375
v 35.9491796875 12.95 81.6837734375
v 43.78429296875 12.95 98.928984375
v 43.78429296875 12.95 98.928984375
v 43.78429296875 12.95 98.928984375
v 40.3099609375 12.95 90.2264296875
v 40.3099609375 12.95 90.2264296875
v 44.16992578125 12.95 98.744671875
v 44.16992578125 12.95 98.744671875
v 44.16992578125 12.95 98.744671875
v 44.04149609375 12.95 98.8063515625
v 44.04149609375 12.95 98.8063515625
v 43.912953125 12.95 98.8677890625
v 43.912953125 12.95 98.8677890625
v 25.15532421875 12.95 85.4553125
v 25.15532421875 12.95 85.4553125
v 27.913275390625 12.95 84.6910234375
v 27.913275390625 12.95 84.6910234375
v 30.635048828125 12.95 83.8065
v 30.635048828125 12.95 83.8065
v 33.31540234375 12.95 82.8034453125
v 33.31540234375 12.95 82.8034453125
v 33.3255859375 12.9 82.799375
v 33.3255859375 12.9 82.799375
v 30.6428125 12.9 83.8037890625
v 30.6428125 12.9 83.8037890625
v 27.918525390625 12.9 84.6894453125
v 27.918525390625 12.9 84.6894453125
v 25.15798046875 12.9 85.4546328125
v 25.15798046875 12.9 85.4546328125
v -34.04883203125 12.95 69.0062421875
v -34.04883203125 12.95 69.0062421875
v -34.04883203125 12.95 69.0062421875
v -34.04883203125 12.9 69.0062421875
v -34.04883203125 12.9 69.0062421875
v -34.04883203125 12.9 69.0062421875
v -34.31440234375 12.95 69.253640625
v -34.31440234375 12.95 69.253640625
v -34.31440234375 12.95 69.253640625
v -34.31440234375 12.9 69.253640625
v -34.31440234375 12.9 69.253640625
v -34.31440234375 12.9 69.253640625
v -47.88170703125 12.95 83.2309609375
v -47.88170703125 12.95 83.2309609375
v -47.88170703125 12.95 83.2309609375
v -47.88170703125 12.9 83.2309609375
v -47.88170703125 12.9 83.2309609375
v -47.88170703125 12.9 83.2309609375
v -47.58234765625 12.9 82.9116015625
v -47.58234765625 12.9 82.9116015625
v -47.58234765625 12.9 82.9116015625
v -47.58234765625 12.95 82.9116015625
v -47.58234765625 12.95 82.9116015625
v -47.58234765625 12.95 82.9116015625
v -32.233828125 12.95 71.1940703125
v -32.233828125 12.95 71.1940703125
v -30.0678984375 12.95 73.0387421875
v -30.0678984375 12.95 73.0387421875
v -27.821017578125 12.95 74.78390625
v -27.821017578125 12.95 74.78390625
v -25.49775390625 12.95 76.426015625
v -25.49775390625 12.95 76.426015625
v -23.10283203125 12.95 77.9617265625
v -23.10283203125 12.95 77.9617265625
v -20.6411171875 12.95 79.387921875
v -20.6411171875 12.95 79.387921875
v -20.6411171875 12.9 79.387921875
v -20.6411171875 12.9 79.387921875
v -20.6411171875 12.9 79.387921875
v -23.10283203125 12.9 77.9617265625
v -23.10283203125 12.9 77.9617265625
v -25.49775390625 12.9 76.426015625
v -25.49775390625 12.9 76.426015625
v -27.821017578125 12.9 74.78390625
v -27.821017578125 12.9 74.78390625
v -30.0678984375 12.9 73.0387421875
v -30.0678984375 12.9 73.0387421875
v -32.233828125 12.9 71.1940703125
v -32.233828125 12.9 71.1940703125
v -18.204482421875 12.95 80.6588515625
v -18.204482421875 12.95 80.6588515625
v -15.714818359375 12.95 81.8224765625
v -15.714818359375 12.95 81.8224765625
v -13.1768466796875 12.95 82.87659375
v -13.1768466796875 12.95 82.87659375
v -13.1768466796875 12.95 82.87659375
v -13.1768466796875 12.9 82.87659375
v -13.1768466796875 12.9 82.87659375
v -13.1768466796875 12.9 82.87659375
v -15.714818359375 12.9 81.8224765625
v -15.714818359375 12.9 81.8224765625
v -18.204482421875 12.9 80.6588515625
v -18.204482421875 12.9 80.6588515625
v -2.44847802734375 12.9 86.1680078125
v -2.44847802734375 12.9 86.1680078125
v -3.819271728515625 12.9 85.857953125
v -3.819271728515625 12.9 85.857953125
v -5.1683720703125 12.9 85.464078125
v -5.1683720703125 12.9 85.464078125
v -5.1683720703125 12.9 85.464078125
v -5.1683720703125 12.95 85.464078125
v -5.1683720703125 12.95 85.464078125
v -5.1683720703125 12.95 85.464078125
v -3.819271728515625 12.95 85.857953125
v -3.819271728515625 12.95 85.857953125
v -2.44847802734375 12.95 86.1680078125
v -2.44847802734375 12.95 86.1680078125
v -8.5524189453125 12.95 104.3660078125
v -8.5524189453125 12.95 104.3660078125
v -11.76000390625 12.95 103.5685
v -11.76000390625 12.95 103.5685
v -14.9370908203125 12.95 102.657046875
v -14.9370908203125 12.95 102.657046875
v -14.9370908203125 12.9 102.657046875
v -14.9370908203125 12.9 102.657046875
v -14.9370908203125 12.9 102.657046875
v -11.76000390625 12.9 103.5685
v -11.76000390625 12.9 103.5685
v -8.5524189453125 12.9 104.3660078125
v -8.5524189453125 12.9 104.3660078125
v -17.56323046875 12.95 101.80159375
v -17.56323046875 12.95 101.80159375
v -20.157478515625 12.95 100.8538203125
v -20.157478515625 12.95 100.8538203125
v -22.716591796875 12.95 99.81490625
v -22.716591796875 12.95 99.81490625
v -25.2373671875 12.95 98.6861484375
v -25.2373671875 12.95 98.6861484375
v -25.2373671875 12.95 98.6861484375
v -25.2373671875 12.9 98.6861484375
v -25.2373671875 12.9 98.6861484375
v -25.2373671875 12.9 98.6861484375
v -22.716591796875 12.9 99.81490625
v -22.716591796875 12.9 99.81490625
v -20.157478515625 12.9 100.8538203125
v -20.157478515625 12.9 100.8538203125
v -17.56323046875 12.9 101.80159375
v -17.56323046875 12.9 101.80159375
v -28.479119140625 12.95 96.9906328125
v -28.479119140625 12.95 96.9906328125
v -31.67373828125 12.95 95.20790625
v -31.67373828125 12.95 95.20790625
v -34.81887890625 12.95 93.339265625
v -34.81887890625 12.95 93.339265625
v -34.81887890625 12.95 93.339265625
v -34.81887890625 12.9 93.339265625
v -34.81887890625 12.9 93.339265625
v -34.81887890625 12.9 93.339265625
v -31.67373828125 12.9 95.20790625
v -31.67373828125 12.9 95.20790625
v -28.479119140625 12.9 96.9906328125
v -28.479119140625 12.9 96.9906328125
v -37.09490234375 12.95 91.792421875
v -37.09490234375 12.95 91.792421875
v -39.31501171875 12.95 90.1663515625
v -39.31501171875 12.95 90.1663515625
v -41.4764609375 12.95 88.4630703125
v -41.4764609375 12.95 88.4630703125
v -43.5765546875 12.95 86.6846953125
v -43.5765546875 12.95 86.6846953125
v -45.6126953125 12.95 84.8334453125
v -45.6126953125 12.95 84.8334453125
v -45.6126953125 12.9 84.8334453125
v -45.6126953125 12.9 84.8334453125
v -43.5765546875 12.9 86.6846953125
v -43.5765546875 12.9 86.6846953125
v -41.4764609375 12.9 88.4630703125
v -41.4764609375 12.9 88.4630703125
v -39.31501171875 12.9 90.1663515625
v -39.31501171875 12.9 90.1663515625
v -37.09490234375 12.9 91.792421875
v -37.09490234375 12.9 91.792421875
v 34.90210546875 12.95 87.4710625
v -29.972642578125 12.95 77.9613515625
v -39.24046484375 12.95 77.9608515625
v -39.24046484375 12.95 87.4710625
v -29.972642578125 12.95 87.4710625
v -20.704822265625 12.95 87.4710625
v -11.4370009765625 12.95 87.4710625
v -2.1691796875 12.95 87.4710625
v 7.0986416015625 12.95 96.986125
v 16.366462890625 12.95 96.984953125
v 25.634283203125 12.95 87.4710625
v 25.634283203125 12.95 96.9837734375
v 16.366462890625 12.95 87.4710625
v -20.704822265625 12.95 96.9896484375
v -11.4370009765625 12.95 96.9884765625
v -2.1691796875 12.95 96.987296875
v 34.90210546875 12.95 96.9826015625
v 7.0986416015625 12.95 87.4710625
v 35.41116796875 12.9 87.4710625
v 26.08678515625 12.9 87.4710625
v 26.08678515625 12.9 96.983765625
v 16.762400390625 12.9 96.9849375
v -1.8863668212890625 12.9 87.4710625
v 7.43801708984375 12.9 96.986109375
v -11.2107509765625 12.9 87.4710625
v -20.535134765625 12.9 87.4710625
v -29.859517578125 12.9 87.4710625
v -39.18390234375 12.9 87.4710625
v -39.18390234375 12.9 77.9608515625
v -29.859517578125 12.9 77.961359375
v 7.43801708984375 12.9 87.4710625
v 35.41116796875 12.9 96.98259375
v -1.8863668212890625 12.9 96.9872890625
v -11.2107509765625 12.9 96.9884609375
v -20.535134765625 12.9 96.9896328125
v 16.762400390625 12.9 87.4710625
f 1 4 10
f 10 4 7
f 2 13 5
f 5 13 57
f 57 13 15
f 57 15 55
f 55 15 17
f 55 17 53
f 53 17 19
f 53 19 51
f 51 19 21
f 51 21 49
f 49 21 23
f 49 23 47
f 47 23 25
f 47 25 45
f 45 25 27
f 45 27 43
f 43 27 29
f 43 29 41
f 41 29 31
f 41 31 39
f 39 31 33
f 39 33 36
f 37 34 62
f 62 34 59
f 68 71 65
f 65 71 99
f 99 71 73
f 99 73 97
f 97 73 75
f 97 75 95
f 95 75 77
f 95 77 93
f 93 77 79
f 93 79 91
f 91 79 81
f 91 81 89
f 89 81 83
f 89 83 86
f 104 107 101
f 101 107 115
f 115 107 109
f 115 109 112
f 120 123 117
f 117 123 159
f 159 123 125
f 159 125 157
f 157 125 127
f 157 127 155
f 155 127 129
f 155 129 153
f 153 129 131
f 153 131 151
f 151 131 133
f 151 133 149
f 149 133 135
f 149 135 147
f 147 135 137
f 147 137 145
f 145 137 139
f 145 139 142
f 161 163 184
f 184 163 166
f 184 166 182
f 182 166 168
f 182 168 176
f 176 168 170
f 176 170 173
f 176 179 182
f 161 186 164
f 164 186 198
f 198 186 188
f 198 188 196
f 196 188 190
f 196 190 193
f 194 191 211
f 211 191 200
f 211 200 209
f 209 200 202
f 209 202 206
f 206 202 204
f 204 213 207
f 207 213 224
f 224 213 215
f 224 215 222
f 222 215 217
f 222 217 219
f 217 226 220
f 220 226 236
f 236 226 228
f 236 228 234
f 234 228 230
f 234 230 232
f 232 230 69
f 232 69 66
f 241 244 238
f 238 244 247
f 239 248 250
f 250 248 253
f 256 259 263
f 263 259 261
f 261 259 251
f 261 251 254
f 257 264 266
f 266 264 269
f 267 270 171
f 171 270 174
f 275 245 272
f 272 245 294
f 272 294 296
f 275 277 245
f 245 277 249
f 249 277 279
f 249 279 255
f 255 279 262
f 262 279 282
f 262 282 284
f 287 271 284
f 284 271 265
f 284 265 262
f 271 287 175
f 175 287 289
f 175 289 291
f 291 177 175
f 306 280 304
f 304 280 278
f 304 278 302
f 302 278 276
f 302 276 299
f 299 276 273
f 297 309 274
f 274 309 300
f 292 312 178
f 178 312 180
f 285 283 317
f 317 283 315
f 315 283 281
f 315 281 307
f 313 293 322
f 322 293 290
f 322 290 320
f 320 290 288
f 320 288 318
f 318 288 286
f 118 324 121
f 121 324 338
f 338 324 326
f 338 326 336
f 336 326 328
f 336 328 334
f 334 328 330
f 334 330 332
f 332 330 310
f 332 310 298
f 332 298 242
f 242 298 295
f 242 295 246
f 340 343 102
f 102 343 105
f 344 341 349
f 349 341 346
f 352 355 361
f 361 355 358
f 356 353 110
f 110 353 113
f 347 364 350
f 350 364 387
f 387 364 366
f 387 366 385
f 385 366 368
f 385 368 383
f 383 368 370
f 383 370 381
f 381 370 372
f 381 372 379
f 379 372 374
f 379 374 376
f 374 389 377
f 377 389 401
f 401 389 391
f 401 391 399
f 399 391 393
f 399 393 396
f 140 403 143
f 143 403 415
f 415 403 405
f 415 405 413
f 413 405 407
f 413 407 410
f 84 417 87
f 87 417 428
f 428 417 419
f 428 419 426
f 426 419 421
f 426 421 423
f 421 430 424
f 424 430 446
f 446 430 432
f 446 432 444
f 444 432 434
f 444 434 442
f 442 434 436
f 442 436 439
f 437 448 440
f 440 448 460
f 460 448 450
f 460 450 458
f 458 450 452
f 458 452 455
f 453 462 456
f 456 462 480
f 480 462 464
f 480 464 478
f 478 464 466
f 478 466 476
f 476 466 468
f 476 468 474
f 474 468 470
f 474 470 472
f 472 470 362
f 472 362 359
f 35 32 60
f 60 32 30
f 60 30 28
f 60 28 488
f 488 28 26
f 488 26 24
f 24 22 488
f 488 22 20
f 488 20 18
f 488 18 11
f 11 18 16
f 11 16 14
f 14 3 11
f 11 394 488
f 488 394 487
f 488 487 496
f 496 487 495
f 496 495 431
f 431 495 433
f 433 495 435
f 435 495 438
f 438 495 449
f 449 495 487
f 449 487 486
f 486 487 373
f 486 373 483
f 483 373 371
f 483 371 369
f 394 392 487
f 487 392 390
f 487 390 375
f 375 373 487
f 369 367 483
f 483 367 484
f 483 484 485
f 485 484 469
f 485 469 467
f 367 365 484
f 484 365 348
f 484 348 116
f 116 348 103
f 103 348 342
f 484 116 363
f 363 116 114
f 363 114 354
f 363 471 484
f 484 471 469
f 467 465 485
f 485 465 463
f 485 463 486
f 486 463 454
f 486 454 451
f 451 449 486
f 431 422 496
f 496 422 420
f 496 420 418
f 496 418 497
f 497 418 85
f 497 85 82
f 82 80 497
f 497 80 490
f 497 490 148
f 148 490 499
f 148 499 150
f 150 499 152
f 152 499 490
f 152 490 154
f 154 490 491
f 154 491 156
f 156 491 494
f 156 494 158
f 158 494 160
f 160 494 491
f 160 491 493
f 493 491 227
f 493 227 218
f 80 78 490
f 490 78 76
f 490 76 74
f 74 72 490
f 490 72 491
f 72 70 491
f 491 70 231
f 491 231 229
f 229 227 491
f 218 216 493
f 493 216 214
f 493 214 205
f 205 203 493
f 493 203 498
f 493 498 492
f 492 498 482
f 492 482 327
f 327 482 329
f 329 482 331
f 331 482 301
f 331 301 311
f 203 201 498
f 498 201 192
f 498 192 189
f 189 187 498
f 498 187 162
f 498 162 185
f 185 183 498
f 498 183 316
f 498 316 482
f 482 316 308
f 482 308 305
f 181 314 183
f 183 314 316
f 314 323 316
f 316 323 321
f 316 321 319
f 305 303 482
f 482 303 301
f 327 325 492
f 492 325 119
f 492 119 493
f 493 119 160
f 148 146 497
f 497 146 489
f 497 489 488
f 488 489 411
f 488 411 60
f 146 144 489
f 489 144 416
f 489 416 414
f 414 411 489
f 485 486 483
f 497 488 496
f 6 58 8
f 8 58 56
f 8 56 54
f 8 54 506
f 506 54 52
f 506 52 50
f 50 48 506
f 506 48 46
f 506 46 44
f 506 44 63
f 63 44 42
f 63 42 40
f 40 38 63
f 63 408 506
f 506 408 504
f 506 504 514
f 514 504 138
f 514 138 136
f 408 406 504
f 504 406 404
f 504 404 141
f 141 138 504
f 514 136 505
f 505 136 134
f 505 134 512
f 512 134 132
f 512 132 505
f 505 132 130
f 505 130 503
f 503 130 128
f 503 128 517
f 517 128 126
f 517 126 124
f 122 502 124
f 124 502 503
f 124 503 517
f 502 122 501
f 501 122 339
f 501 339 337
f 501 337 500
f 500 337 335
f 500 335 333
f 333 243 500
f 500 243 252
f 500 252 260
f 243 240 252
f 258 172 260
f 260 172 169
f 260 169 513
f 513 169 167
f 513 167 165
f 258 268 172
f 165 199 513
f 513 199 197
f 513 197 195
f 195 212 513
f 513 212 502
f 513 502 501
f 212 210 502
f 502 210 208
f 502 208 225
f 225 223 502
f 502 223 221
f 502 221 503
f 503 221 237
f 503 237 235
f 235 233 503
f 503 233 67
f 503 67 100
f 503 100 505
f 505 100 98
f 505 98 96
f 96 94 505
f 505 94 514
f 94 92 514
f 514 92 90
f 514 90 88
f 88 429 514
f 514 429 515
f 514 515 506
f 506 515 507
f 506 507 397
f 397 507 400
f 400 507 402
f 402 507 378
f 378 507 380
f 380 507 508
f 380 508 511
f 511 508 509
f 511 509 510
f 510 509 475
f 510 475 473
f 429 427 515
f 515 427 425
f 515 425 447
f 515 447 516
f 516 447 445
f 516 445 443
f 443 441 516
f 516 441 461
f 516 461 507
f 507 461 508
f 461 459 508
f 508 459 457
f 508 457 481
f 508 481 509
f 509 481 479
f 509 479 477
f 477 475 509
f 473 360 510
f 510 360 108
f 510 108 351
f 351 108 106
f 351 106 345
f 357 111 360
f 360 111 108
f 351 388 510
f 510 388 386
f 510 386 511
f 511 386 384
f 511 384 382
f 382 380 511
f 397 8 506
f 513 501 500
f 260 513 500
f 516 507 515
f 398 395 9
f 9 395 12
f 64 61 409
f 409 61 412
v -34.6624609375 9.05 68.4501328125
v -34.6624609375 9.05 68.4501328125
v -34.6624609375 9.05 68.4501328125
v -34.0517890625 9.05 69.0035625
v -34.0517890625 9.05 69.0035625
v -34.0517890625 9.05 69.0035625
v -34.32773828125 9.05 69.260625
v -34.32773828125 9.05 69.260625
v -34.32773828125 9.05 69.260625
v -32.271560546875 9.05 71.18040625
v -32.271560546875 9.05 71.18040625
v -30.131859375 9.05 73.006640625
v -30.131859375 9.05 73.006640625
v -27.91288671875 9.05 74.7356875
v -27.91288671875 9.05 74.7356875
v -25.619052734375 9.05 76.3641171875
v -25.619052734375 9.05 76.3641171875
v -23.25491796875 9.05 77.8886796875
v -23.25491796875 9.05 77.8886796875
v -20.8251796875 9.05 79.306359375
v -20.8251796875 9.05 79.306359375
v -18.334666015625 9.05 80.614328125
v -18.334666015625 9.05 80.614328125
v -15.7883310546875 9.05 81.81
v -15.7883310546875 9.05 81.81
v -13.1912333984375 9.05 82.8909765625
v -13.1912333984375 9.05 82.8909765625
v -13.1912333984375 9.05 82.8909765625
v -12.989751953125 9.05 82.6895
v -12.989751953125 9.05 82.6895
v -12.989751953125 9.05 82.6895
v -13.299775390625 9.05 81.83771875
v -13.299775390625 9.05 81.83771875
v -13.299775390625 9.05 81.83771875
v -12.4546318359375 9.05 81.5554765625
v -12.4546318359375 9.05 81.5554765625
v -11.5799345703125 9.05 81.3856796875
v -11.5799345703125 9.05 81.3856796875
v -10.690576171875 9.05 81.3312109375
v -10.690576171875 9.05 81.3312109375
v -9.8016953125 9.05 81.3929921875
v -9.8016953125 9.05 81.3929921875
v -8.9284248046875 9.05 81.5699765625
v -8.9284248046875 9.05 81.5699765625
v -8.0856298828125 9.05 81.85915625
v -8.0856298828125 9.05 81.85915625
v -7.287658203125 9.05 82.25559375
v -7.287658203125 9.05 82.25559375
v -6.54809375 9.05 82.7525546875
v -6.54809375 9.05 82.7525546875
v -5.87952734375 9.05 83.341578125
v -5.87952734375 9.05 83.341578125
v -5.29333984375 9.05 84.0126328125
v -5.29333984375 9.05 84.0126328125
v -4.799509765625 9.05 84.7542890625
v -4.799509765625 9.05 84.7542890625
v -4.799509765625 9.05 84.7542890625
v -5.2268388671875 9.05 85.245875
v -5.2268388671875 9.05 85.245875
v -5.2268388671875 9.05 85.245875
v -5.137958984375 9.05 85.577578125
v -5.137958984375 9.05 85.577578125
v -5.137958984375 9.05 85.577578125
v -3.376437744140625 9.05 85.97553125
v -3.376437744140625 9.05 85.97553125
v -1.6067635498046875 9.05 86.3355
v -1.6067635498046875 9.05 86.3355
v 0.17024459838867187 9.05 86.6573203125
v 0.17024459838867187 9.05 86.6573203125
v 0.17024459838867187 9.05 86.6573203125
v 2.934175537109375 9.05 86.9832890625
v 2.934175537109375 9.05 86.9832890625
v 5.7087734375 9.05 87.2004921875
v 5.7087734375 9.05 87.2004921875
v 8.489759765625 9.05 87.3085859375
v 8.489759765625 9.05 87.3085859375
v 11.2728466796875 9.05 87.3074140625
v 11.2728466796875 9.05 87.3074140625
v 14.053740234375 9.05 87.1969765625
v 14.053740234375 9.05 87.1969765625
v 16.828154296875 9.05 86.9774375
v 16.828154296875 9.05 86.9774375
v 19.591810546875 9.05 86.649140625
v 19.591810546875 9.05 86.649140625
v 19.591810546875 9.05 86.649140625
v 21.8939375 9.05 86.2719609375
v 21.8939375 9.05 86.2719609375
v 24.174806640625 9.05 85.782375
v 24.174806640625 9.05 85.782375
v 26.4289296875 9.05 85.1815546875
v 26.4289296875 9.05 85.1815546875
v 28.65088671875 9.05 84.4709453125
v 28.65088671875 9.05 84.4709453125
v 28.65088671875 9.05 84.4709453125
v 31.141220703125 9.05 83.65696875
v 31.141220703125 9.05 83.65696875
v 33.59645703125 9.05 82.7425625
v 33.59645703125 9.05 82.7425625
v 36.01255078125 9.05 81.729234375
v 36.01255078125 9.05 81.729234375
v 36.01255078125 9.05 81.729234375
v 35.85275 9.05 81.368578125
v 35.85275 9.05 81.368578125
v 35.85275 9.05 81.368578125
v 36.65315234375 9.05 81.028828125
v 36.65315234375 9.05 81.028828125
v 36.65315234375 9.05 81.028828125
v 40.648578125 9.05 89.8460078125
v 40.648578125 9.05 89.8460078125
v 44.644 9.05 98.6631796875
v 44.644 9.05 98.6631796875
v 44.644 9.05 98.6631796875
v 43.85321484375 9.05 99.021515625
v 43.85321484375 9.05 99.021515625
v 43.85321484375 9.05 99.021515625
v 43.767921875 9.05 98.8304375
v 43.767921875 9.05 98.8304375
v 43.767921875 9.05 98.8304375
v 42.53051171875 9.05 99.4956484375
v 42.53051171875 9.05 99.4956484375
v 41.25939453125 9.05 100.0939453125
v 41.25939453125 9.05 100.0939453125
v 39.9581875 9.05 100.623625
v 39.9581875 9.05 100.623625
v 38.63059375 9.05 101.0831875
v 38.63059375 9.05 101.0831875
v 38.63059375 9.05 101.0831875
v 36.18808203125 9.05 101.987546875
v 36.18808203125 9.05 101.987546875
v 33.7098671875 9.05 102.788921875
v 33.7098671875 9.05 102.788921875
v 31.20029296875 9.05 103.485890625
v 31.20029296875 9.05 103.485890625
v 28.663751953125 9.05 104.0772421875
v 28.663751953125 9.05 104.0772421875
v 26.1046875 9.05 104.5619375
v 26.1046875 9.05 104.5619375
v 26.1046875 9.05 104.5619375
v 23.782146484375 9.05 105.0702109375
v 23.782146484375 9.05 105.0702109375
v 21.44144921875 9.05 105.4869609375
v 21.44144921875 9.05 105.4869609375
v 19.086201171875 9.05 105.811546875
v 19.086201171875 9.05 105.811546875
v 16.72003125 9.05 106.0434609375
v 16.72003125 9.05 106.0434609375
v 14.346583984375 9.05 106.1823515625
v 14.346583984375 9.05 106.1823515625
v 11.9695146484375 9.05 106.2280078125
v 11.9695146484375 9.05 106.2280078125
v 11.9695146484375 9.05 106.2280078125
v 9.2425595703125 9.05 106.30834375
v 9.2425595703125 9.05 106.30834375
v 6.5146689453125 9.05 106.271640625
v 6.5146689453125 9.05 106.271640625
v 3.790862548828125 9.05 106.11796875
v 3.790862548828125 9.05 106.11796875
v 1.0761546630859375 9.05 105.8476015625
v 1.0761546630859375 9.05 105.8476015625
v 1.0761546630859375 9.05 105.8476015625
v -2.17654833984375 9.05 105.3943203125
v -2.17654833984375 9.05 105.3943203125
v -5.41112060546875 9.05 104.8259140625
v -5.41112060546875 9.05 104.8259140625
v -8.6234892578125 9.05 104.143109375
v -8.6234892578125 9.05 104.143109375
v -11.8096083984375 9.05 103.34675
v -11.8096083984375 9.05 103.34675
v -14.9654658203125 9.05 102.4378515625
v -14.9654658203125 9.05 102.4378515625
v -14.9654658203125 9.05 102.4378515625
v -17.55219921875 9.05 101.5899609375
v -17.55219921875 9.05 101.5899609375
v -20.1056328125 9.05 100.64653125
v -20.1056328125 9.05 100.64653125
v -22.6222421875 9.05 99.6088515625
v -22.6222421875 9.05 99.6088515625
v -25.098546875 9.05 98.478359375
v -25.098546875 9.05 98.478359375
v -27.53112890625 9.05 97.256625
v -27.53112890625 9.05 97.256625
v -29.916625 9.05 95.9453203125
v -29.916625 9.05 95.9453203125
v -29.916625 9.05 95.9453203125
v -32.86057421875 9.05 94.1904921875
v -32.86057421875 9.05 94.1904921875
v -35.7456328125 9.05 92.3404296875
v -35.7456328125 9.05 92.3404296875
v -38.56871484375 9.05 90.3971015625
v -38.56871484375 9.05 90.3971015625
v -41.32680859375 9.05 88.3626015625
v -41.32680859375 9.05 88.3626015625
v -41.32680859375 9.05 88.3626015625
v -43.46468359375 9.05 86.6007578125
v -43.46468359375 9.05 86.6007578125
v -45.524140625 9.05 84.747859375
v -45.524140625 9.05 84.747859375
v -47.5013125 9.05 82.8073984375
v -47.5013125 9.05 82.8073984375
v -47.5013125 9.05 82.8073984375
v -47.684125 9.05 83.0024296875
v -47.684125 9.05 83.0024296875
v -47.684125 9.05 83.0024296875
v -48.29757421875 9.05 82.3889765625
v -48.29757421875 9.05 82.3889765625
v -48.29757421875 9.05 82.3889765625
v -41.48001953125 9.05 75.4195546875
v -41.48001953125 9.05 75.4195546875
v 22.02866796875 9.05 93.9104375
v -34.43293359375 9.05 81.943921875
v -12.26016015625 9.05 102.038484375
v -19.651083984375 9.05 95.340296875
v -27.042009765625 9.05 88.642109375
v -20.520296875 9.05 81.4459140625
v -13.1346064453125 9.05 88.149875
v -5.748916015625 9.05 94.8538359375
v 1.6367747802734376 9.05 101.5578046875
v 0.7444927978515625 9.05 87.688875
v 8.13541748046875 9.05 94.3870546875
v 15.526341796875 9.05 101.0852421875
v 29.41959375 9.05 100.608625
v 28.526853515625 9.05 86.740203125
v 35.900921875 9.05 93.456984375
v -34.6624609375 9.1 68.4501328125
v -34.6624609375 9.1 68.4501328125
v -34.6624609375 9.1 68.4501328125
v -41.48001953125 9.1 75.4195546875
v -41.48001953125 9.1 75.4195546875
v -48.29757421875 9.1 82.3889765625
v -48.29757421875 9.1 82.3889765625
v -48.29757421875 9.1 82.3889765625
v -47.684125 9.1 83.0024296875
v -47.684125 9.1 83.0024296875
v -47.684125 9.1 83.0024296875
v -47.5013125 9.1 82.8073984375
v -47.5013125 9.1 82.8073984375
v -47.5013125 9.1 82.8073984375
v -45.524140625 9.1 84.747859375
v -45.524140625 9.1 84.747859375
v -43.46468359375 9.1 86.6007578125
v -43.46468359375 9.1 86.6007578125
v -41.32680859375 9.1 88.3626015625
v -41.32680859375 9.1 88.3626015625
v -41.32680859375 9.1 88.3626015625
v -38.56871484375 9.1 90.3971015625
v -38.56871484375 9.1 90.3971015625
v -35.7456328125 9.1 92.3404296875
v -35.7456328125 9.1 92.3404296875
v -32.86057421875 9.1 94.1904921875
v -32.86057421875 9.1 94.1904921875
v -29.916625 9.1 95.9453203125
v -29.916625 9.1 95.9453203125
v -29.916625 9.1 95.9453203125
v -27.53112890625 9.1 97.256625
v -27.53112890625 9.1 97.256625
v -25.098546875 9.1 98.478359375
v -25.098546875 9.1 98.478359375
v -22.6222421875 9.1 99.6088515625
v -22.6222421875 9.1 99.6088515625
v -20.1056328125 9.1 100.64653125
v -20.1056328125 9.1 100.64653125
v -17.55219921875 9.1 101.5899609375
v -17.55219921875 9.1 101.5899609375
v -14.9654658203125 9.1 102.4378515625
v -14.9654658203125 9.1 102.4378515625
v -14.9654658203125 9.1 102.4378515625
v -11.8096083984375 9.1 103.34675
v -11.8096083984375 9.1 103.34675
v -8.6234892578125 9.1 104.143109375
v -8.6234892578125 9.1 104.143109375
v -5.41112060546875 9.1 104.8259140625
v -5.41112060546875 9.1 104.8259140625
v -2.17654833984375 9.1 105.3943203125
v -2.17654833984375 9.1 105.3943203125
v 1.0761546630859375 9.1 105.8476015625
v 1.0761546630859375 9.1 105.8476015625
v 1.0761546630859375 9.1 105.8476015625
v 3.790862548828125 9.1 106.11796875
v 3.790862548828125 9.1 106.11796875
v 6.5146689453125 9.1 106.271640625
v 6.5146689453125 9.1 106.271640625
v 9.2425595703125 9.1 106.30834375
v 9.2425595703125 9.1 106.30834375
v 11.9695146484375 9.1 106.2280078125
v 11.9695146484375 9.1 106.2280078125
v 11.9695146484375 9.1 106.2280078125
v 14.346583984375 9.1 106.1823515625
v 14.346583984375 9.1 106.1823515625
v 16.72003125 9.1 106.0434609375
v 16.72003125 9.1 106.0434609375
v 19.086201171875 9.1 105.811546875
v 19.086201171875 9.1 105.811546875
v 21.44144921875 9.1 105.4869609375
v 21.44144921875 9.1 105.4869609375
v 23.782146484375 9.1 105.0702109375
v 23.782146484375 9.1 105.0702109375
v 26.1046875 9.1 104.5619375
v 26.1046875 9.1 104.5619375
v 26.1046875 9.1 104.5619375
v 28.663751953125 9.1 104.0772421875
v 28.663751953125 9.1 104.0772421875
v 31.20029296875 9.1 103.485890625
v 31.20029296875 9.1 103.485890625
v 33.7098671875 9.1 102.788921875
v 33.7098671875 9.1 102.788921875
v 36.18808203125 9.1 101.987546875
v 36.18808203125 9.1 101.987546875
v 38.63059375 9.1 101.0831875
v 38.63059375 9.1 101.0831875
v 38.63059375 9.1 101.0831875
v 39.9581875 9.1 100.623625
v 39.9581875 9.1 100.623625
v 41.25939453125 9.1 100.0939453125
v 41.25939453125 9.1 100.0939453125
v 42.53051171875 9.1 99.4956484375
v 42.53051171875 9.1 99.4956484375
v 43.767921875 9.1 98.8304375
v 43.767921875 9.1 98.8304375
v 43.767921875 9.1 98.8304375
v 43.85321484375 9.1 99.021515625
v 43.85321484375 9.1 99.021515625
v 43.85321484375 9.1 99.021515625
v 44.644 9.1 98.6631796875
v 44.644 9.1 98.6631796875
v 44.644 9.1 98.6631796875
v 40.648578125 9.1 89.8460078125
v 40.648578125 9.1 89.8460078125
v 36.65315234375 9.1 81.028828125
v 36.65315234375 9.1 81.028828125
v 36.65315234375 9.1 81.028828125
v 35.85275 9.1 81.368578125
v 35.85275 9.1 81.368578125
v 35.85275 9.1 81.368578125
v 36.01255078125 9.1 81.729234375
v 36.01255078125 9.1 81.729234375
v 36.01255078125 9.1 81.729234375
v 33.59645703125 9.1 82.7425625
v 33.59645703125 9.1 82.7425625
v 31.141220703125 9.1 83.65696875
v 31.141220703125 9.1 83.65696875
v 28.65088671875 9.1 84.4709453125
v 28.65088671875 9.1 84.4709453125
v 28.65088671875 9.1 84.4709453125
v 26.4289296875 9.1 85.1815546875
v 26.4289296875 9.1 85.1815546875
v 24.174806640625 9.1 85.782375
v 24.174806640625 9.1 85.782375
v 21.8939375 9.1 86.2719609375
v 21.8939375 9.1 86.2719609375
v 19.591810546875 9.1 86.649140625
v 19.591810546875 9.1 86.649140625
v 19.591810546875 9.1 86.649140625
v 16.828154296875 9.1 86.9774375
v 16.828154296875 9.1 86.9774375
v 14.053740234375 9.1 87.1969765625
v 14.053740234375 9.1 87.1969765625
v 11.2728466796875 9.1 87.3074140625
v 11.2728466796875 9.1 87.3074140625
v 8.489759765625 9.1 87.3085859375
v 8.489759765625 9.1 87.3085859375
v 5.7087734375 9.1 87.2004921875
v 5.7087734375 9.1 87.2004921875
v 2.934175537109375 9.1 86.9832890625
v 2.934175537109375 9.1 86.9832890625
v 0.17024459838867187 9.1 86.6573203125
v 0.17024459838867187 9.1 86.6573203125
v 0.17024459838867187 9.1 86.6573203125
v -1.6067635498046875 9.1 86.3355
v -1.6067635498046875 9.1 86.3355
v -3.376437744140625 9.1 85.97553125
v -3.376437744140625 9.1 85.97553125
v -5.137958984375 9.1 85.577578125
v -5.137958984375 9.1 85.577578125
v -5.137958984375 9.1 85.577578125
v -5.2268388671875 9.1 85.245875
v -5.2268388671875 9.1 85.245875
v -5.2268388671875 9.1 85.245875
v -4.799509765625 9.1 84.7542890625
v -4.799509765625 9.1 84.7542890625
v -4.799509765625 9.1 84.7542890625
v -5.29333984375 9.1 84.0126328125
v -5.29333984375 9.1 84.0126328125
v -5.87952734375 9.1 83.341578125
v -5.87952734375 9.1 83.341578125
v -6.54809375 9.1 82.7525546875
v -6.54809375 9.1 82.7525546875
v -7.287658203125 9.1 82.25559375
v -7.287658203125 9.1 82.25559375
v -8.0856298828125 9.1 81.85915625
v -8.0856298828125 9.1 81.85915625
v -8.9284248046875 9.1 81.5699765625
v -8.9284248046875 9.1 81.5699765625
v -9.8016953125 9.1 81.3929921875
v -9.8016953125 9.1 81.3929921875
v -10.690576171875 9.1 81.3312109375
v -10.690576171875 9.1 81.3312109375
v -11.5799345703125 9.1 81.3856796875
v -11.5799345703125 9.1 81.3856796875
v -12.4546318359375 9.1 81.5554765625
v -12.4546318359375 9.1 81.5554765625
v -13.299775390625 9.1 81.83771875
v -13.299775390625 9.1 81.83771875
v -13.299775390625 9.1 81.83771875
v -12.989751953125 9.1 82.6895
v -12.989751953125 9.1 82.6895
v -12.989751953125 9.1 82.6895
v -13.1912333984375 9.1 82.8909765625
v -13.1912333984375 9.1 82.8909765625
v -13.1912333984375 9.1 82.8909765625
v -15.7883310546875 9.1 81.81
v -15.7883310546875 9.1 81.81
v -18.334666015625 9.1 80.614328125
v -18.334666015625 9.1 80.614328125
v -20.8251796875 9.1 79.306359375
v -20.8251796875 9.1 79.306359375
v -23.25491796875 9.1 77.8886796875
v -23.25491796875 9.1 77.8886796875
v -25.619052734375 9.1 76.3641171875
v -25.619052734375 9.1 76.3641171875
v -27.91288671875 9.1 74.7356875
v -27.91288671875 9.1 74.7356875
v -30.131859375 9.1 73.006640625
v -30.131859375 9.1 73.006640625
v -32.271560546875 9.1 71.18040625
v -32.271560546875 9.1 71.18040625
v -34.32773828125 9.1 69.260625
v -34.32773828125 9.1 69.260625
v -34.32773828125 9.1 69.260625
v -34.0517890625 9.1 69.0035625
v -34.0517890625 9.1 69.0035625
v -34.0517890625 9.1 69.0035625
v -34.43293359375 9.1 81.943921875
v -27.042009765625 9.1 88.642109375
v -19.651083984375 9.1 95.340296875
v -12.26016015625 9.1 102.038484375
v 1.6367747802734376 9.1 101.5578046875
v -5.748916015625 9.1 94.8538359375
v -13.1346064453125 9.1 88.149875
v -20.520296875 9.1 81.4459140625
v 15.526341796875 9.1 101.0852421875
v 8.13541748046875 9.1 94.3870546875
v 0.7444927978515625 9.1 87.688875
v 29.41959375 9.1 100.608625
v 22.02866796875 9.1 93.9104375
v 35.900921875 9.1 93.456984375
v 28.526853515625 9.1 86.740203125
f 521 524 518
f 518 524 724
f 724 524 527
f 724 527 727
f 727 527 529
f 727 529 531
f 727 531 731
f 731 531 533
f 731 533 535
f 535 537 731
f 731 537 539
f 731 539 541
f 731 541 732
f 732 541 543
f 732 543 546
f 549 552 546
f 546 552 554
f 546 554 556
f 556 558 546
f 546 558 560
f 546 560 732
f 732 560 562
f 732 562 564
f 732 564 575
f 575 564 566
f 575 566 568
f 568 570 575
f 575 570 572
f 575 578 732
f 732 578 733
f 732 733 729
f 729 733 728
f 729 728 686
f 686 728 684
f 684 728 682
f 682 728 733
f 682 733 680
f 680 733 734
f 680 734 678
f 678 734 675
f 675 734 673
f 673 734 671
f 671 734 736
f 671 736 669
f 669 736 737
f 669 737 666
f 666 737 664
f 664 737 662
f 662 737 660
f 660 737 658
f 658 737 726
f 658 726 656
f 656 726 653
f 653 726 738
f 653 738 651
f 651 738 649
f 649 738 647
f 647 738 740
f 647 740 645
f 645 740 642
f 642 740 640
f 640 740 638
f 638 740 636
f 636 740 633
f 633 740 625
f 633 625 627
f 578 581 733
f 733 581 583
f 733 583 735
f 735 583 585
f 735 585 588
f 735 588 736
f 736 588 590
f 736 590 592
f 592 594 736
f 736 594 596
f 736 596 726
f 726 596 598
f 726 598 600
f 600 603 726
f 726 603 605
f 726 605 739
f 739 605 607
f 739 607 609
f 609 612 739
f 739 612 740
f 739 740 726
f 726 740 738
f 612 614 740
f 740 614 625
f 614 616 625
f 625 616 622
f 622 616 619
f 627 630 633
f 686 689 729
f 729 689 691
f 729 691 693
f 693 695 729
f 729 695 697
f 729 697 730
f 730 697 699
f 730 699 702
f 702 704 730
f 730 704 727
f 730 727 731
f 704 706 727
f 727 706 708
f 727 708 711
f 727 711 724
f 724 711 713
f 724 713 715
f 718 721 715
f 715 721 724
f 731 732 730
f 730 732 729
f 736 734 733
f 735 736 733
f 726 737 736
f 946 741 943
f 943 741 744
f 943 744 941
f 941 744 949
f 941 949 939
f 939 949 937
f 937 949 956
f 937 956 935
f 935 956 933
f 933 956 931
f 931 956 929
f 929 956 927
f 927 956 955
f 927 955 924
f 924 955 921
f 921 955 908
f 921 908 910
f 746 752 744
f 744 752 755
f 744 755 757
f 746 749 752
f 744 757 949
f 949 757 759
f 949 759 762
f 762 764 949
f 949 764 950
f 949 950 956
f 956 950 955
f 764 766 950
f 950 766 768
f 950 768 771
f 950 771 951
f 951 771 773
f 951 773 775
f 775 777 951
f 951 777 779
f 951 779 781
f 951 781 952
f 952 781 784
f 952 784 786
f 952 786 954
f 954 786 788
f 954 788 953
f 953 788 790
f 953 790 792
f 792 795 953
f 953 795 797
f 953 797 958
f 958 797 799
f 958 799 957
f 957 799 801
f 957 801 804
f 804 806 957
f 957 806 808
f 957 808 810
f 957 810 961
f 961 810 812
f 961 812 814
f 961 814 960
f 960 814 817
f 960 817 819
f 819 821 960
f 960 821 962
f 960 962 961
f 961 962 963
f 961 963 863
f 863 963 861
f 861 963 858
f 858 963 856
f 856 963 962
f 856 962 854
f 854 962 843
f 854 843 851
f 851 843 845
f 851 845 848
f 821 823 962
f 962 823 825
f 962 825 828
f 828 830 962
f 962 830 832
f 962 832 834
f 837 840 834
f 834 840 843
f 834 843 962
f 863 865 961
f 961 865 867
f 961 867 870
f 870 872 961
f 961 872 958
f 961 958 957
f 872 874 958
f 958 874 876
f 958 876 878
f 878 880 958
f 958 880 959
f 958 959 954
f 954 959 885
f 954 885 887
f 880 882 959
f 959 882 885
f 887 889 954
f 954 889 955
f 954 955 951
f 951 955 950
f 889 892 955
f 955 892 904
f 955 904 906
f 895 898 892
f 892 898 900
f 892 900 902
f 902 904 892
f 906 908 955
f 910 912 921
f 921 912 914
f 921 914 916
f 916 918 921
f 951 952 954
f 958 954 953
f 544 542 925
f 925 542 928
f 928 542 540
f 928 540 930
f 930 540 538
f 930 538 932
f 932 538 536
f 932 536 934
f 934 536 534
f 934 534 936
f 936 534 532
f 936 532 938
f 938 532 530
f 938 530 940
f 940 530 528
f 940 528 942
f 942 528 525
f 942 525 944
f 547 922 550
f 550 922 919
f 573 571 896
f 896 571 899
f 899 571 569
f 899 569 901
f 901 569 567
f 901 567 903
f 903 567 565
f 903 565 905
f 905 565 563
f 905 563 907
f 907 563 561
f 907 561 909
f 909 561 559
f 909 559 911
f 911 559 557
f 911 557 913
f 913 557 555
f 913 555 915
f 915 555 553
f 915 553 917
f 917 553 551
f 917 551 920
f 574 897 576
f 576 897 893
f 519 725 742
f 742 725 745
f 745 725 722
f 745 722 747
f 601 599 868
f 868 599 871
f 871 599 597
f 871 597 873
f 873 597 595
f 873 595 875
f 875 595 593
f 875 593 877
f 877 593 591
f 877 591 879
f 879 591 589
f 879 589 881
f 881 589 586
f 881 586 883
f 610 608 859
f 859 608 862
f 862 608 606
f 862 606 864
f 864 606 604
f 864 604 866
f 866 604 602
f 866 602 869
f 617 615 852
f 852 615 855
f 855 615 613
f 855 613 857
f 857 613 611
f 857 611 860
f 716 714 753
f 753 714 756
f 756 714 712
f 756 712 758
f 758 712 709
f 758 709 760
f 618 853 620
f 620 853 849
f 621 850 623
f 623 850 846
f 628 626 841
f 841 626 844
f 844 626 624
f 844 624 847
f 629 842 631
f 631 842 838
f 632 839 634
f 634 839 835
f 520 743 522
f 522 743 947
f 523 948 526
f 526 948 945
f 719 750 723
f 723 750 748
f 587 584 884
f 884 584 886
f 886 584 582
f 886 582 888
f 888 582 579
f 888 579 890
f 643 641 826
f 826 641 829
f 829 641 639
f 829 639 831
f 831 639 637
f 831 637 833
f 833 637 635
f 833 635 836
f 654 652 815
f 815 652 818
f 818 652 650
f 818 650 820
f 820 650 648
f 820 648 822
f 822 648 646
f 822 646 824
f 824 646 644
f 824 644 827
f 667 665 802
f 802 665 805
f 805 665 663
f 805 663 807
f 807 663 661
f 807 661 809
f 809 661 659
f 809 659 811
f 811 659 657
f 811 657 813
f 813 657 655
f 813 655 816
f 676 674 793
f 793 674 796
f 796 674 672
f 796 672 798
f 798 672 670
f 798 670 800
f 800 670 668
f 800 668 803
f 687 685 782
f 782 685 785
f 785 685 683
f 785 683 787
f 787 683 681
f 787 681 789
f 789 681 679
f 789 679 791
f 791 679 677
f 791 677 794
f 700 698 769
f 769 698 772
f 772 698 696
f 772 696 774
f 774 696 694
f 774 694 776
f 776 694 692
f 776 692 778
f 778 692 690
f 778 690 780
f 780 690 688
f 780 688 783
f 710 707 761
f 761 707 763
f 763 707 705
f 763 705 765
f 765 705 703
f 765 703 767
f 767 703 701
f 767 701 770
f 717 754 720
f 720 754 751
f 545 926 548
f 548 926 923
f 577 894 580
f 580 894 891
v -34.6624609375 5.2 68.4501328125
v -34.6624609375 5.2 68.4501328125
v -34.6624609375 5.2 68.4501328125
v -34.0479921875 5.2 69.0070078125
v -34.0479921875 5.2 69.0070078125
v -34.0479921875 5.2 69.0070078125
v -34.34504296875 5.2 69.28371875
v -34.34504296875 5.2 69.28371875
v -34.34504296875 5.2 69.28371875
v -32.29015625 5.2 71.2038046875
v -32.29015625 5.2 71.2038046875
v -30.15175390625 5.2 73.03040625
v -30.15175390625 5.2 73.03040625
v -27.934080078125 5.2 74.7599140625
v -27.934080078125 5.2 74.7599140625
v -25.641544921875 5.2 76.3888828125
v -25.641544921875 5.2 76.3888828125
v -23.27869921875 5.2 77.914078125
v -23.27869921875 5.2 77.914078125
v -20.85023828125 5.2 79.33246875
v -20.85023828125 5.2 79.33246875
v -18.360984375 5.2 80.6412421875
v -18.360984375 5.2 80.6412421875
v -15.81588671875 5.2 81.8377890625
v -15.81588671875 5.2 81.8377890625
v -13.219998046875 5.2 82.9197421875
v -13.219998046875 5.2 82.9197421875
v -13.219998046875 5.2 82.9197421875
v -12.989751953125 5.2 82.6895
v -12.989751953125 5.2 82.6895
v -12.989751953125 5.2 82.6895
v -13.299775390625 5.2 81.83771875
v -13.299775390625 5.2 81.83771875
v -13.299775390625 5.2 81.83771875
v -12.4546318359375 5.2 81.5554765625
v -12.4546318359375 5.2 81.5554765625
v -11.5799345703125 5.2 81.3856796875
v -11.5799345703125 5.2 81.3856796875
v -10.690576171875 5.2 81.3312109375
v -10.690576171875 5.2 81.3312109375
v -9.8016953125 5.2 81.3929921875
v -9.8016953125 5.2 81.3929921875
v -8.9284248046875 5.2 81.5699765625
v -8.9284248046875 5.2 81.5699765625
v -8.0856298828125 5.2 81.85915625
v -8.0856298828125 5.2 81.85915625
v -7.287658203125 5.2 82.25559375
v -7.287658203125 5.2 82.25559375
v -6.54809375 5.2 82.7525546875
v -6.54809375 5.2 82.7525546875
v -5.87952734375 5.2 83.341578125
v -5.87952734375 5.2 83.341578125
v -5.29333984375 5.2 84.0126328125
v -5.29333984375 5.2 84.0126328125
v -4.799509765625 5.2 84.7542890625
v -4.799509765625 5.2 84.7542890625
v -4.799509765625 5.2 84.7542890625
v -5.18197119140625 5.2 85.1942578125
v -5.18197119140625 5.2 85.1942578125
v -5.18197119140625 5.2 85.1942578125
v -5.0747109375 5.2 85.5945625
v -5.0747109375 5.2 85.5945625
v -5.0747109375 5.2 85.5945625
v -2.40363623046875 5.2 86.1845390625
v -2.40363623046875 5.2 86.1845390625
v 0.29048117065429685 5.2 86.658296875
v 0.29048117065429685 5.2 86.658296875
v 3.0025869140625 5.2 87.0149375
v 3.0025869140625 5.2 87.0149375
v 5.7275927734375 5.2 87.2538046875
v 5.7275927734375 5.2 87.2538046875
v 8.4603857421875 5.2 87.3744453125
v 8.4603857421875 5.2 87.3744453125
v 11.19583984375 5.2 87.376625
v 11.19583984375 5.2 87.376625
v 13.928822265625 5.2 87.2603515625
v 13.928822265625 5.2 87.2603515625
v 16.654205078125 5.2 87.0258359375
v 16.654205078125 5.2 87.0258359375
v 19.366876953125 5.2 86.673515625
v 19.366876953125 5.2 86.673515625
v 22.061748046875 5.2 86.2040625
v 22.061748046875 5.2 86.2040625
v 24.733759765625 5.2 85.6183515625
v 24.733759765625 5.2 85.6183515625
v 27.37790234375 5.2 84.9174765625
v 27.37790234375 5.2 84.9174765625
v 27.37790234375 5.2 84.9174765625
v 29.58437109375 5.2 84.23415625
v 29.58437109375 5.2 84.23415625
v 31.762431640625 5.2 83.4650859375
v 31.762431640625 5.2 83.4650859375
v 33.9087578125 5.2 82.6114375
v 33.9087578125 5.2 82.6114375
v 36.02005859375 5.2 81.674515625
v 36.02005859375 5.2 81.674515625
v 36.02005859375 5.2 81.674515625
v 35.87901953125 5.2 81.3574296875
v 35.87901953125 5.2 81.3574296875
v 35.87901953125 5.2 81.3574296875
v 36.754765625 5.2 80.9856953125
v 36.754765625 5.2 80.9856953125
v 36.754765625 5.2 80.9856953125
v 40.56615625 5.2 89.5580625
v 40.56615625 5.2 89.5580625
v 44.377546875 5.2 98.130421875
v 44.377546875 5.2 98.130421875
v 44.377546875 5.2 98.130421875
v 43.61084375 5.2 98.477046875
v 43.61084375 5.2 98.477046875
v 43.61084375 5.2 98.477046875
v 43.5126484375 5.2 98.268203125
v 43.5126484375 5.2 98.268203125
v 43.5126484375 5.2 98.268203125
v 41.73198046875 5.2 99.084328125
v 41.73198046875 5.2 99.084328125
v 39.9293515625 5.2 99.850734375
v 39.9293515625 5.2 99.850734375
v 38.10615625 5.2 100.566828125
v 38.10615625 5.2 100.566828125
v 38.10615625 5.2 100.566828125
v 35.72220703125 5.2 101.405421875
v 35.72220703125 5.2 101.405421875
v 33.30348046875 5.2 102.137703125
v 33.30348046875 5.2 102.137703125
v 30.85472265625 5.2 102.7622265625
v 30.85472265625 5.2 102.7622265625
v 30.85472265625 5.2 102.7622265625
v 27.94299609375 5.2 103.5260390625
v 27.94299609375 5.2 103.5260390625
v 25.003244140625 5.2 104.1736640625
v 25.003244140625 5.2 104.1736640625
v 22.040099609375 5.2 104.7040703125
v 22.040099609375 5.2 104.7040703125
v 19.058236328125 5.2 105.1164296875
v 19.058236328125 5.2 105.1164296875
v 19.058236328125 5.2 105.1164296875
v 16.1300361328125 5.2 105.3506328125
v 16.1300361328125 5.2 105.3506328125
v 13.1966357421875 5.2 105.50675
v 13.1966357421875 5.2 105.50675
v 10.2601171875 5.2 105.5846796875
v 10.2601171875 5.2 105.5846796875
v 10.2601171875 5.2 105.5846796875
v 7.15709033203125 5.2 105.5634140625
v 7.15709033203125 5.2 105.5634140625
v 4.057413818359375 5.2 105.417671875
v 4.057413818359375 5.2 105.417671875
v 0.9660794067382813 5.2 105.147703125
v 0.9660794067382813 5.2 105.147703125
v -2.111935791015625 5.2 104.7539375
v -2.111935791015625 5.2 104.7539375
v -5.17167626953125 5.2 104.237
v -5.17167626953125 5.2 104.237
v -8.20821484375 5.2 103.597734375
v -8.20821484375 5.2 103.597734375
v -11.2166640625 5.2 102.8371640625
v -11.2166640625 5.2 102.8371640625
v -14.1921787109375 5.2 101.956515625
v -14.1921787109375 5.2 101.956515625
v -14.1921787109375 5.2 101.956515625
v -16.471544921875 5.2 101.2350078125
v -16.471544921875 5.2 101.2350078125
v -18.72401171875 5.2 100.4334609375
v -18.72401171875 5.2 100.4334609375
v -20.9467734375 5.2 99.5528828125
v -20.9467734375 5.2 99.5528828125
v -20.9467734375 5.2 99.5528828125
v -23.6234765625 5.2 98.3830546875
v -23.6234765625 5.2 98.3830546875
v -26.258435546875 5.2 97.122015625
v -26.258435546875 5.2 97.122015625
v -28.848546875 5.2 95.77125
v -28.848546875 5.2 95.77125
v -31.390755859375 5.2 94.332359375
v -31.390755859375 5.2 94.332359375
v -33.8820625 5.2 92.80703125
v -33.8820625 5.2 92.80703125
v -36.31953125 5.2 91.1970625
v -36.31953125 5.2 91.1970625
v -38.70028515625 5.2 89.504359375
v -38.70028515625 5.2 89.504359375
v -38.70028515625 5.2 89.504359375
v -40.89312890625 5.2 87.8276796875
v -40.89312890625 5.2 87.8276796875
v -43.02576953125 5.2 86.0750546875
v -43.02576953125 5.2 86.0750546875
v -45.09557421875 5.2 84.24865625
v -45.09557421875 5.2 84.24865625
v -47.1 5.2 82.350734375
v -47.1 5.2 82.350734375
v -47.1 5.2 82.350734375
v -47.3449765625 5.2 82.612078125
v -47.3449765625 5.2 82.612078125
v -47.3449765625 5.2 82.612078125
v -47.93684375 5.2 82.0202109375
v -47.93684375 5.2 82.0202109375
v -47.93684375 5.2 82.0202109375
v -41.29965234375 5.2 75.235171875
v -41.29965234375 5.2 75.235171875
v 1.631070556640625 5.2 101.05834375
v -12.16119140625 5.2 101.53053125
v -20.40083984375 5.2 81.1293671875
v -13.0568701171875 5.2 87.772359375
v -5.71289990234375 5.2 94.4153515625
v -19.51293359375 5.2 94.8961171875
v -26.864673828125 5.2 88.2616953125
v -34.2164140625 5.2 81.62728125
v 0.7533084106445312 5.2 87.2803984375
v 8.09098876953125 5.2 93.930328125
v 15.4286689453125 5.2 100.580265625
v 21.88434765625 5.2 93.4569296875
v 29.22202734375 5.2 100.106859375
v 28.340025390625 5.2 86.33359375
v 35.67770703125 5.2 92.9835234375
v -34.6624609375 5.25 68.4501328125
v -34.6624609375 5.25 68.4501328125
v -34.6624609375 5.25 68.4501328125
v -41.29965234375 5.25 75.235171875
v -41.29965234375 5.25 75.235171875
v -47.93684375 5.25 82.0202109375
v -47.93684375 5.25 82.0202109375
v -47.93684375 5.25 82.0202109375
v -47.3449765625 5.25 82.612078125
v -47.3449765625 5.25 82.612078125
v -47.3449765625 5.25 82.612078125
v -47.1 5.25 82.350734375
v -47.1 5.25 82.350734375
v -47.1 5.25 82.350734375
v -45.09557421875 5.25 84.24865625
v -45.09557421875 5.25 84.24865625
v -43.02576953125 5.25 86.0750546875
v -43.02576953125 5.25 86.0750546875
v -40.89312890625 5.25 87.8276796875
v -40.89312890625 5.25 87.8276796875
v -38.70028515625 5.25 89.504359375
v -38.70028515625 5.25 89.504359375
v -38.70028515625 5.25 89.504359375
v -36.31953125 5.25 91.1970625
v -36.31953125 5.25 91.1970625
v -33.8820625 5.25 92.80703125
v -33.8820625 5.25 92.80703125
v -31.390755859375 5.25 94.332359375
v -31.390755859375 5.25 94.332359375
v -28.848546875 5.25 95.77125
v -28.848546875 5.25 95.77125
v -26.258435546875 5.25 97.122015625
v -26.258435546875 5.25 97.122015625
v -23.6234765625 5.25 98.3830546875
v -23.6234765625 5.25 98.3830546875
v -20.9467734375 5.25 99.5528828125
v -20.9467734375 5.25 99.5528828125
v -20.9467734375 5.25 99.5528828125
v -18.72401171875 5.25 100.4334609375
v -18.72401171875 5.25 100.4334609375
v -16.471544921875 5.25 101.2350078125
v -16.471544921875 5.25 101.2350078125
v -14.1921787109375 5.25 101.956515625
v -14.1921787109375 5.25 101.956515625
v -14.1921787109375 5.25 101.956515625
v -11.2166640625 5.25 102.8371640625
v -11.2166640625 5.25 102.8371640625
v -8.20821484375 5.25 103.597734375
v -8.20821484375 5.25 103.597734375
v -5.17167626953125 5.25 104.237
v -5.17167626953125 5.25 104.237
v -2.111935791015625 5.25 104.7539375
v -2.111935791015625 5.25 104.7539375
v 0.9660794067382813 5.25 105.147703125
v 0.9660794067382813 5.25 105.147703125
v 4.057413818359375 5.25 105.417671875
v 4.057413818359375 5.25 105.417671875
v 7.15709033203125 5.25 105.5634140625
v 7.15709033203125 5.25 105.5634140625
v 10.2601171875 5.25 105.5846796875
v 10.2601171875 5.25 105.5846796875
v 10.2601171875 5.25 105.5846796875
v 13.1966357421875 5.25 105.50675
v 13.1966357421875 5.25 105.50675
v 16.1300361328125 5.25 105.3506328125
v 16.1300361328125 5.25 105.3506328125
v 19.058236328125 5.25 105.1164296875
v 19.058236328125 5.25 105.1164296875
v 19.058236328125 5.25 105.1164296875
v 22.040099609375 5.25 104.7040703125
v 22.040099609375 5.25 104.7040703125
v 25.003244140625 5.25 104.1736640625
v 25.003244140625 5.25 104.1736640625
v 27.94299609375 5.25 103.5260390625
v 27.94299609375 5.25 103.5260390625
v 30.85472265625 5.25 102.7622265625
v 30.85472265625 5.25 102.7622265625
v 30.85472265625 5.25 102.7622265625
v 33.30348046875 5.25 102.137703125
v 33.30348046875 5.25 102.137703125
v 35.72220703125 5.25 101.405421875
v 35.72220703125 5.25 101.405421875
v 38.10615625 5.25 100.566828125
v 38.10615625 5.25 100.566828125
v 38.10615625 5.25 100.566828125
v 39.9293515625 5.25 99.850734375
v 39.9293515625 5.25 99.850734375
v 41.73198046875 5.25 99.084328125
v 41.73198046875 5.25 99.084328125
v 43.5126484375 5.25 98.268203125
v 43.5126484375 5.25 98.268203125
v 43.5126484375 5.25 98.268203125
v 43.61084375 5.25 98.477046875
v 43.61084375 5.25 98.477046875
v 43.61084375 5.25 98.477046875
v 44.377546875 5.25 98.130421875
v 44.377546875 5.25 98.130421875
v 44.377546875 5.25 98.130421875
v 40.56615625 5.25 89.5580625
v 40.56615625 5.25 89.5580625
v 36.754765625 5.25 80.9856953125
v 36.754765625 5.25 80.9856953125
v 36.754765625 5.25 80.9856953125
v 35.87901953125 5.25 81.3574296875
v 35.87901953125 5.25 81.3574296875
v 35.87901953125 5.25 81.3574296875
v 36.02005859375 5.25 81.674515625
v 36.02005859375 5.25 81.674515625
v 36.02005859375 5.25 81.674515625
v 33.9087578125 5.25 82.6114375
v 33.9087578125 5.25 82.6114375
v 31.762431640625 5.25 83.4650859375
v 31.762431640625 5.25 83.4650859375
v 29.58437109375 5.25 84.23415625
v 29.58437109375 5.25 84.23415625
v 27.37790234375 5.25 84.9174765625
v 27.37790234375 5.25 84.9174765625
v 27.37790234375 5.25 84.9174765625
v 24.733759765625 5.25 85.6183515625
v 24.733759765625 5.25 85.6183515625
v 22.061748046875 5.25 86.2040625
v 22.061748046875 5.25 86.2040625
v 19.366876953125 5.25 86.673515625
v 19.366876953125 5.25 86.673515625
v 16.654205078125 5.25 87.0258359375
v 16.654205078125 5.25 87.0258359375
v 13.928822265625 5.25 87.2603515625
v 13.928822265625 5.25 87.2603515625
v 11.19583984375 5.25 87.376625
v 11.19583984375 5.25 87.376625
v 8.4603857421875 5.25 87.3744453125
v 8.4603857421875 5.25 87.3744453125
v 5.7275927734375 5.25 87.2538046875
v 5.7275927734375 5.25 87.2538046875
v 3.0025869140625 5.25 87.0149375
v 3.0025869140625 5.25 87.0149375
v 0.29048117065429685 5.25 86.658296875
v 0.29048117065429685 5.25 86.658296875
v -2.40363623046875 5.25 86.1845390625
v -2.40363623046875 5.25 86.1845390625
v -5.0747109375 5.25 85.5945625
v -5.0747109375 5.25 85.5945625
v -5.0747109375 5.25 85.5945625
v -5.18197119140625 5.25 85.1942578125
v -5.18197119140625 5.25 85.1942578125
v -5.18197119140625 5.25 85.1942578125
v -4.799509765625 5.25 84.7542890625
v -4.799509765625 5.25 84.7542890625
v -4.799509765625 5.25 84.7542890625
v -5.29333984375 5.25 84.0126328125
v -5.29333984375 5.25 84.0126328125
v -5.87952734375 5.25 83.341578125
v -5.87952734375 5.25 83.341578125
v -6.54809375 5.25 82.7525546875
v -6.54809375 5.25 82.7525546875
v -7.287658203125 5.25 82.25559375
v -7.287658203125 5.25 82.25559375
v -8.0856298828125 5.25 81.85915625
v -8.0856298828125 5.25 81.85915625
v -8.9284248046875 5.25 81.5699765625
v -8.9284248046875 5.25 81.5699765625
v -9.8016953125 5.25 81.3929921875
v -9.8016953125 5.25 81.3929921875
v -10.690576171875 5.25 81.3312109375
v -10.690576171875 5.25 81.3312109375
v -11.5799345703125 5.25 81.3856796875
v -11.5799345703125 5.25 81.3856796875
v -12.4546318359375 5.25 81.5554765625
v -12.4546318359375 5.25 81.5554765625
v -13.299775390625 5.25 81.83771875
v -13.299775390625 5.25 81.83771875
v -13.299775390625 5.25 81.83771875
v -12.989751953125 5.25 82.6895
v -12.989751953125 5.25 82.6895
v -12.989751953125 5.25 82.6895
v -13.219998046875 5.25 82.9197421875
v -13.219998046875 5.25 82.9197421875
v -13.219998046875 5.25 82.9197421875
v -15.81588671875 5.25 81.8377890625
v -15.81588671875 5.25 81.8377890625
v -18.360984375 5.25 80.6412421875
v -18.360984375 5.25 80.6412421875
v -20.85023828125 5.25 79.33246875
v -20.85023828125 5.25 79.33246875
v -23.27869921875 5.25 77.914078125
v -23.27869921875 5.25 77.914078125
v -25.641544921875 5.25 76.3888828125
v -25.641544921875 5.25 76.3888828125
v -27.934080078125 5.25 74.7599140625
v -27.934080078125 5.25 74.7599140625
v -30.15175390625 5.25 73.03040625
v -30.15175390625 5.25 73.03040625
v -32.29015625 5.25 71.2038046875
v -32.29015625 5.25 71.2038046875
v -34.34504296875 5.25 69.28371875
v -34.34504296875 5.25 69.28371875
v -34.34504296875 5.25 69.28371875
v -34.0479921875 5.25 69.0070078125
v -34.0479921875 5.25 69.0070078125
v -34.0479921875 5.25 69.0070078125
v -34.2164140625 5.25 81.62728125
v -26.864673828125 5.25 88.2616953125
v -19.51293359375 5.25 94.8961171875
v -12.16119140625 5.25 101.53053125
v 1.631070556640625 5.25 101.05834375
v -5.71289990234375 5.25 94.4153515625
v -13.0568701171875 5.25 87.772359375
v -20.40083984375 5.25 81.1293671875
v 15.4286689453125 5.25 100.580265625
v 8.09098876953125 5.25 93.930328125
v 0.7533084106445312 5.25 87.2803984375
v 29.22202734375 5.25 100.106859375
v 21.88434765625 5.25 93.4569296875
v 35.67770703125 5.25 92.9835234375
v 28.340025390625 5.25 86.33359375
f 967 970 964
f 964 970 1162
f 1162 970 973
f 1162 973 1171
f 1171 973 975
f 1171 975 977
f 977 979 1171
f 1171 979 1170
f 1171 1170 1142
f 1142 1170 1140
f 1140 1170 1138
f 1138 1170 1136
f 1136 1170 1134
f 1134 1170 1169
f 1134 1169 1132
f 1132 1169 1129
f 1129 1169 1127
f 1127 1169 1125
f 1125 1169 1122
f 1122 1169 1165
f 1122 1165 1120
f 1120 1165 1118
f 1118 1165 1168
f 1118 1168 1116
f 1116 1168 1164
f 1116 1164 1114
f 1114 1164 1112
f 1112 1164 1110
f 1110 1164 1108
f 1108 1164 1173
f 1108 1173 1105
f 1105 1173 1174
f 1105 1174 1103
f 1103 1174 1101
f 1101 1174 1098
f 1098 1174 1096
f 1096 1174 1175
f 1096 1175 1094
f 1094 1175 1176
f 1094 1176 1092
f 1092 1176 1089
f 1089 1176 1087
f 1087 1176 1178
f 1087 1178 1085
f 1085 1178 1082
f 1082 1178 1080
f 1080 1178 1078
f 1078 1178 1067
f 1078 1067 1075
f 1075 1067 1069
f 1075 1069 1072
f 1170 979 1166
f 1166 979 981
f 1166 981 983
f 983 985 1166
f 1166 985 987
f 1166 987 1167
f 1167 987 989
f 1167 989 992
f 995 998 992
f 992 998 1000
f 992 1000 1002
f 1002 1004 992
f 992 1004 1167
f 1004 1006 1167
f 1167 1006 1008
f 1167 1008 1010
f 1167 1010 1021
f 1021 1010 1012
f 1021 1012 1014
f 1014 1016 1021
f 1021 1016 1018
f 1021 1024 1167
f 1167 1024 1168
f 1167 1168 1165
f 1024 1027 1168
f 1168 1027 1172
f 1168 1172 1164
f 1164 1172 1173
f 1027 1029 1172
f 1172 1029 1031
f 1172 1031 1173
f 1173 1031 1033
f 1173 1033 1035
f 1035 1037 1173
f 1173 1037 1039
f 1173 1039 1174
f 1174 1039 1175
f 1039 1041 1175
f 1175 1041 1043
f 1175 1043 1045
f 1045 1047 1175
f 1175 1047 1177
f 1175 1177 1178
f 1178 1177 1054
f 1178 1054 1056
f 1047 1049 1177
f 1177 1049 1052
f 1177 1052 1054
f 1178 1056 1067
f 1067 1056 1058
f 1067 1058 1064
f 1064 1058 1061
f 1142 1144 1171
f 1171 1144 1147
f 1171 1147 1149
f 1171 1149 1162
f 1162 1149 1151
f 1162 1151 1153
f 1156 1159 1153
f 1153 1159 1162
f 1169 1170 1166
f 1165 1169 1167
f 1167 1169 1166
f 1178 1176 1175
f 1376 1179 1373
f 1373 1179 1182
f 1373 1182 1371
f 1371 1182 1379
f 1371 1379 1369
f 1369 1379 1367
f 1367 1379 1365
f 1365 1379 1380
f 1365 1380 1386
f 1386 1380 1381
f 1386 1381 1385
f 1385 1381 1382
f 1385 1382 1384
f 1384 1382 1226
f 1384 1226 1228
f 1184 1190 1182
f 1182 1190 1193
f 1182 1193 1195
f 1184 1187 1190
f 1182 1195 1379
f 1379 1195 1197
f 1379 1197 1199
f 1199 1202 1379
f 1379 1202 1380
f 1202 1204 1380
f 1380 1204 1206
f 1380 1206 1208
f 1208 1210 1380
f 1380 1210 1381
f 1210 1212 1381
f 1381 1212 1214
f 1381 1214 1217
f 1217 1219 1381
f 1381 1219 1221
f 1381 1221 1382
f 1382 1221 1224
f 1382 1224 1226
f 1384 1228 1383
f 1383 1228 1230
f 1383 1230 1232
f 1232 1234 1383
f 1383 1234 1236
f 1383 1236 1388
f 1388 1236 1238
f 1388 1238 1387
f 1387 1238 1241
f 1387 1241 1243
f 1243 1245 1387
f 1387 1245 1248
f 1387 1248 1391
f 1391 1248 1250
f 1391 1250 1390
f 1390 1250 1252
f 1390 1252 1254
f 1254 1257 1390
f 1390 1257 1392
f 1390 1392 1393
f 1393 1392 1290
f 1393 1290 1292
f 1257 1259 1392
f 1392 1259 1261
f 1392 1261 1264
f 1264 1266 1392
f 1392 1266 1277
f 1392 1277 1288
f 1288 1277 1285
f 1285 1277 1279
f 1285 1279 1282
f 1266 1268 1277
f 1277 1268 1274
f 1274 1268 1271
f 1288 1290 1392
f 1292 1294 1393
f 1393 1294 1297
f 1393 1297 1391
f 1391 1297 1299
f 1391 1299 1301
f 1301 1303 1391
f 1391 1303 1305
f 1391 1305 1387
f 1387 1305 1388
f 1305 1307 1388
f 1388 1307 1309
f 1388 1309 1311
f 1311 1313 1388
f 1388 1313 1389
f 1388 1389 1383
f 1383 1389 1384
f 1313 1315 1389
f 1389 1315 1317
f 1389 1317 1384
f 1384 1317 1319
f 1384 1319 1385
f 1385 1319 1322
f 1385 1322 1334
f 1334 1322 1332
f 1332 1322 1330
f 1330 1322 1328
f 1328 1322 1325
f 1334 1336 1385
f 1385 1336 1338
f 1385 1338 1340
f 1385 1340 1351
f 1351 1340 1342
f 1351 1342 1344
f 1344 1346 1351
f 1351 1346 1348
f 1351 1354 1385
f 1385 1354 1357
f 1385 1357 1386
f 1386 1357 1359
f 1386 1359 1361
f 1361 1363 1386
f 1386 1363 1365
f 1393 1391 1390
f 990 988 1355
f 1355 988 1358
f 1358 988 986
f 1358 986 1360
f 1360 986 984
f 1360 984 1362
f 1362 984 982
f 1362 982 1364
f 1364 982 980
f 1364 980 1366
f 1366 980 978
f 1366 978 1368
f 1368 978 976
f 1368 976 1370
f 1370 976 974
f 1370 974 1372
f 1372 974 971
f 1372 971 1374
f 993 1352 996
f 996 1352 1349
f 1019 1017 1326
f 1326 1017 1329
f 1329 1017 1015
f 1329 1015 1331
f 1331 1015 1013
f 1331 1013 1333
f 1333 1013 1011
f 1333 1011 1335
f 1335 1011 1009
f 1335 1009 1337
f 1337 1009 1007
f 1337 1007 1339
f 1339 1007 1005
f 1339 1005 1341
f 1341 1005 1003
f 1341 1003 1343
f 1343 1003 1001
f 1343 1001 1345
f 1345 1001 999
f 1345 999 1347
f 1347 999 997
f 1347 997 1350
f 1020 1327 1022
f 1022 1327 1323
f 1050 1048 1295
f 1295 1048 1298
f 1298 1048 1046
f 1298 1046 1300
f 1300 1046 1044
f 1300 1044 1302
f 1302 1044 1042
f 1302 1042 1304
f 1304 1042 1040
f 1304 1040 1306
f 1306 1040 1038
f 1306 1038 1308
f 1308 1038 1036
f 1308 1036 1310
f 1310 1036 1034
f 1310 1034 1312
f 1312 1034 1032
f 1312 1032 1314
f 1314 1032 1030
f 1314 1030 1316
f 1316 1030 1028
f 1316 1028 1318
f 1318 1028 1025
f 1318 1025 1320
f 965 1163 1180
f 1180 1163 1183
f 1183 1163 1160
f 1183 1160 1185
f 1083 1081 1262
f 1262 1081 1265
f 1265 1081 1079
f 1265 1079 1267
f 1267 1079 1076
f 1267 1076 1269
f 1090 1088 1255
f 1255 1088 1258
f 1258 1088 1086
f 1258 1086 1260
f 1260 1086 1084
f 1260 1084 1263
f 1099 1097 1246
f 1246 1097 1249
f 1249 1097 1095
f 1249 1095 1251
f 1251 1095 1093
f 1251 1093 1253
f 1253 1093 1091
f 1253 1091 1256
f 1106 1104 1239
f 1239 1104 1242
f 1242 1104 1102
f 1242 1102 1244
f 1244 1102 1100
f 1244 1100 1247
f 1123 1121 1222
f 1222 1121 1225
f 1225 1121 1119
f 1225 1119 1227
f 1227 1119 1117
f 1227 1117 1229
f 1229 1117 1115
f 1229 1115 1231
f 1231 1115 1113
f 1231 1113 1233
f 1233 1113 1111
f 1233 1111 1235
f 1235 1111 1109
f 1235 1109 1237
f 1237 1109 1107
f 1237 1107 1240
f 1070 1068 1275
f 1275 1068 1278
f 1278 1068 1065
f 1278 1065 1280
f 1059 1057 1286
f 1286 1057 1289
f 1289 1057 1055
f 1289 1055 1291
f 1291 1055 1053
f 1291 1053 1293
f 1293 1053 1051
f 1293 1051 1296
f 1060 1287 1062
f 1062 1287 1283
f 1063 1284 1066
f 1066 1284 1281
f 1071 1276 1073
f 1073 1276 1272
f 1074 1273 1077
f 1077 1273 1270
f 966 1181 968
f 968 1181 1377
f 969 1378 972
f 972 1378 1375
f 1154 1191 1157
f 1157 1191 1188
f 1158 1189 1161
f 1161 1189 1186
f 1130 1128 1215
f 1215 1128 1218
f 1218 1128 1126
f 1218 1126 1220
f 1220 1126 1124
f 1220 1124 1223
f 1145 1143 1200
f 1200 1143 1203
f 1203 1143 1141
f 1203 1141 1205
f 1205 1141 1139
f 1205 1139 1207
f 1207 1139 1137
f 1207 1137 1209
f 1209 1137 1135
f 1209 1135 1211
f 1211 1135 1133
f 1211 1133 1213
f 1213 1133 1131
f 1213 1131 1216
f 1155 1152 1192
f 1192 1152 1194
f 1194 1152 1150
f 1194 1150 1196
f 1196 1150 1148
f 1196 1148 1198
f 1198 1148 1146
f 1198 1146 1201
f 991 1356 994
f 994 1356 1353
f 1023 1324 1026
f 1026 1324 1321
v -34.30310546875 16.75 69.24465625
v -34.30310546875 16.75 69.24465625
v -34.30310546875 16.75 69.24465625
v -34.30310546875 16.8 69.24465625
v -34.30310546875 16.8 69.24465625
v -34.30310546875 16.8 69.24465625
v -32.24617578125 16.8 71.1630625
v -32.24617578125 16.8 71.1630625
v -30.105794921875 16.8 72.987890625
v -30.105794921875 16.8 72.987890625
v -27.88621484375 16.8 74.7155234375
v -27.88621484375 16.8 74.7155234375
v -25.59184765625 16.8 76.342515625
v -25.59184765625 16.8 76.342515625
v -23.227251953125 16.8 77.8656484375
v -23.227251953125 16.8 77.8656484375
v -20.79712890625 16.8 79.281890625
v -20.79712890625 16.8 79.281890625
v -18.306302734375 16.8 80.588421875
v -18.306302734375 16.8 80.588421875
v -15.7597255859375 16.8 81.7826484375
v -15.7597255859375 16.8 81.7826484375
v -13.16245703125 16.8 82.862203125
v -13.16245703125 16.8 82.862203125
v -13.16245703125 16.8 82.862203125
v -13.16245703125 16.75 82.862203125
v -13.16245703125 16.75 82.862203125
v -13.16245703125 16.75 82.862203125
v -15.7597255859375 16.75 81.7826484375
v -15.7597255859375 16.75 81.7826484375
v -18.306302734375 16.75 80.588421875
v -18.306302734375 16.75 80.588421875
v -20.79712890625 16.75 79.281890625
v -20.79712890625 16.75 79.281890625
v -23.227251953125 16.75 77.8656484375
v -23.227251953125 16.75 77.8656484375
v -25.59184765625 16.75 76.342515625
v -25.59184765625 16.75 76.342515625
v -27.88621484375 16.75 74.7155234375
v -27.88621484375 16.75 74.7155234375
v -30.105794921875 16.75 72.987890625
v -30.105794921875 16.75 72.987890625
v -32.24617578125 16.75 71.1630625
v -32.24617578125 16.75 71.1630625
v -12.989751953125 16.75 82.6895
v -12.989751953125 16.75 82.6895
v -12.989751953125 16.75 82.6895
v -12.989751953125 16.8 82.6895
v -12.989751953125 16.8 82.6895
v -12.989751953125 16.8 82.6895
v -13.299775390625 16.8 81.83771875
v -13.299775390625 16.8 81.83771875
v -13.299775390625 16.8 81.83771875
v -13.299775390625 16.75 81.83771875
v -13.299775390625 16.75 81.83771875
v -13.299775390625 16.75 81.83771875
v -12.4546318359375 16.8 81.5554765625
v -12.4546318359375 16.8 81.5554765625
v -11.5799345703125 16.8 81.3856796875
v -11.5799345703125 16.8 81.3856796875
v -10.690576171875 16.8 81.3312109375
v -10.690576171875 16.8 81.3312109375
v -9.8016953125 16.8 81.3929921875
v -9.8016953125 16.8 81.3929921875
v -8.9284248046875 16.8 81.5699765625
v -8.9284248046875 16.8 81.5699765625
v -8.0856298828125 16.8 81.85915625
v -8.0856298828125 16.8 81.85915625
v -7.287658203125 16.8 82.25559375
v -7.287658203125 16.8 82.25559375
v -6.54809375 16.8 82.7525546875
v -6.54809375 16.8 82.7525546875
v -5.87952734375 16.8 83.341578125
v -5.87952734375 16.8 83.341578125
v -5.29333984375 16.8 84.0126328125
v -5.29333984375 16.8 84.0126328125
v -4.799509765625 16.8 84.7542890625
v -4.799509765625 16.8 84.7542890625
v -4.799509765625 16.8 84.7542890625
v -4.799509765625 16.75 84.7542890625
v -4.799509765625 16.75 84.7542890625
v -4.799509765625 16.75 84.7542890625
v -5.29333984375 16.75 84.0126328125
v -5.29333984375 16.75 84.0126328125
v -5.87952734375 16.75 83.341578125
v -5.87952734375 16.75 83.341578125
v -6.54809375 16.75 82.7525546875
v -6.54809375 16.75 82.7525546875
v -7.287658203125 16.75 82.25559375
v -7.287658203125 16.75 82.25559375
v -8.0856298828125 16.75 81.85915625
v -8.0856298828125 16.75 81.85915625
v -8.9284248046875 16.75 81.5699765625
v -8.9284248046875 16.75 81.5699765625
v -9.8016953125 16.75 81.3929921875
v -9.8016953125 16.75 81.3929921875
v -10.690576171875 16.75 81.3312109375
v -10.690576171875 16.75 81.3312109375
v -11.5799345703125 16.75 81.3856796875
v -11.5799345703125 16.75 81.3856796875
v -12.4546318359375 16.75 81.5554765625
v -12.4546318359375 16.75 81.5554765625
v -5.218443359375 16.8 85.1999296875
v -5.218443359375 16.8 85.1999296875
v -5.218443359375 16.8 85.1999296875
v -5.218443359375 16.75 85.1999296875
v -5.218443359375 16.75 85.1999296875
v -5.218443359375 16.75 85.1999296875
v -48.42786328125 16.75 82.5221640625
v -48.42786328125 16.75 82.5221640625
v -48.42786328125 16.75 82.5221640625
v -48.42786328125 16.8 82.5221640625
v -48.42786328125 16.8 82.5221640625
v -48.42786328125 16.8 82.5221640625
v -41.54516015625 16.8 75.4861484375
v -41.54516015625 16.8 75.4861484375
v -34.6624609375 16.8 68.4501328125
v -34.6624609375 16.8 68.4501328125
v -34.6624609375 16.8 68.4501328125
v -34.6624609375 16.75 68.4501328125
v -34.6624609375 16.75 68.4501328125
v -34.6624609375 16.75 68.4501328125
v -41.54516015625 16.75 75.4861484375
v -41.54516015625 16.75 75.4861484375
v 35.96880078125 16.75 81.748109375
v 35.96880078125 16.75 81.748109375
v 35.96880078125 16.75 81.748109375
v 35.96880078125 16.8 81.748109375
v 35.96880078125 16.8 81.748109375
v 35.96880078125 16.8 81.748109375
v 35.8497890625 16.8 81.4998359375
v 35.8497890625 16.8 81.4998359375
v 35.8497890625 16.8 81.4998359375
v 35.8497890625 16.75 81.4998359375
v 35.8497890625 16.75 81.4998359375
v 35.8497890625 16.75 81.4998359375
v 36.6816484375 16.8 81.146734375
v 36.6816484375 16.8 81.146734375
v 36.6816484375 16.8 81.146734375
v 36.6816484375 16.75 81.146734375
v 36.6816484375 16.75 81.146734375
v 36.6816484375 16.75 81.146734375
v 40.70358984375 16.8 90.0224375
v 40.70358984375 16.8 90.0224375
v 44.72553515625 16.8 98.8981328125
v 44.72553515625 16.8 98.8981328125
v 44.72553515625 16.8 98.8981328125
v 44.72553515625 16.75 98.8981328125
v 44.72553515625 16.75 98.8981328125
v 44.72553515625 16.75 98.8981328125
v 40.70358984375 16.75 90.0224375
v 40.70358984375 16.75 90.0224375
v 43.95114453125 16.8 99.2490390625
v 43.95114453125 16.8 99.2490390625
v 43.95114453125 16.8 99.2490390625
v 43.95114453125 16.75 99.2490390625
v 43.95114453125 16.75 99.2490390625
v 43.95114453125 16.75 99.2490390625
v 43.80301953125 16.8 98.934015625
v 43.80301953125 16.8 98.934015625
v 43.80301953125 16.8 98.934015625
v 43.80301953125 16.75 98.934015625
v 43.80301953125 16.75 98.934015625
v 43.80301953125 16.75 98.934015625
v -34.0479921875 16.8 69.0070078125
v -34.0479921875 16.8 69.0070078125
v -34.0479921875 16.8 69.0070078125
v -34.0479921875 16.75 69.0070078125
v -34.0479921875 16.75 69.0070078125
v -34.0479921875 16.75 69.0070078125
v -47.5407421875 16.75 82.8826328125
v -47.5407421875 16.75 82.8826328125
v -47.5407421875 16.75 82.8826328125
v -47.5407421875 16.8 82.8826328125
v -47.5407421875 16.8 82.8826328125
v -47.5407421875 16.8 82.8826328125
v -47.7955625 16.8 83.15446875
v -47.7955625 16.8 83.15446875
v -47.7955625 16.8 83.15446875
v -47.7955625 16.75 83.15446875
v -47.7955625 16.75 83.15446875
v -47.7955625 16.75 83.15446875
v -5.1461826171875 16.75 85.4696171875
v -5.1461826171875 16.75 85.4696171875
v -5.1461826171875 16.75 85.4696171875
v -5.1461826171875 16.8 85.4696171875
v -5.1461826171875 16.8 85.4696171875
v -5.1461826171875 16.8 85.4696171875
v -2.7102626953125 16.8 86.042375
v -2.7102626953125 16.8 86.042375
v -0.2527174835205078 16.8 86.5137890625
v -0.2527174835205078 16.8 86.5137890625
v 2.22223828125 16.8 86.8830546875
v 2.22223828125 16.8 86.8830546875
v 2.22223828125 16.75 86.8830546875
v 2.22223828125 16.75 86.8830546875
v 2.22223828125 16.75 86.8830546875
v -0.2527174835205078 16.75 86.5137890625
v -0.2527174835205078 16.75 86.5137890625
v -2.7102626953125 16.75 86.042375
v -2.7102626953125 16.75 86.042375
v 4.51127392578125 16.8 87.1298515625
v 4.51127392578125 16.8 87.1298515625
v 6.80834765625 16.8 87.2849140625
v 6.80834765625 16.8 87.2849140625
v 9.1097841796875 16.8 87.348
v 9.1097841796875 16.8 87.348
v 11.4119033203125 16.8 87.3190078125
v 11.4119033203125 16.8 87.3190078125
v 11.4119033203125 16.75 87.3190078125
v 11.4119033203125 16.75 87.3190078125
v 11.4119033203125 16.75 87.3190078125
v 9.1097841796875 16.75 87.348
v 9.1097841796875 16.75 87.348
v 6.80834765625 16.75 87.2849140625
v 6.80834765625 16.75 87.2849140625
v 4.51127392578125 16.75 87.1298515625
v 4.51127392578125 16.75 87.1298515625
v 14.20952734375 16.8 87.17671875
v 14.20952734375 16.8 87.17671875
v 17.000109375 16.8 86.9325703125
v 17.000109375 16.8 86.9325703125
v 19.779939453125 16.8 86.5868984375
v 19.779939453125 16.8 86.5868984375
v 19.779939453125 16.8 86.5868984375
v 19.779939453125 16.75 86.5868984375
v 19.779939453125 16.75 86.5868984375
v 19.779939453125 16.75 86.5868984375
v 17.000109375 16.75 86.9325703125
v 17.000109375 16.75 86.9325703125
v 14.20952734375 16.75 87.17671875
v 14.20952734375 16.75 87.17671875
v 22.499701171875 16.8 86.071734375
v 22.499701171875 16.8 86.071734375
v 25.196873046875 16.8 85.449046875
v 25.196873046875 16.8 85.449046875
v 27.8672109375 16.8 84.7198046875
v 27.8672109375 16.8 84.7198046875
v 27.8672109375 16.75 84.7198046875
v 27.8672109375 16.75 84.7198046875
v 27.8672109375 16.75 84.7198046875
v 25.196873046875 16.75 85.449046875
v 25.196873046875 16.75 85.449046875
v 22.499701171875 16.75 86.071734375
v 22.499701171875 16.75 86.071734375
v 30.6099140625 16.8 83.8468359375
v 30.6099140625 16.8 83.8468359375
v 33.31214453125 16.8 82.8556484375
v 33.31214453125 16.8 82.8556484375
v 33.31214453125 16.75 82.8556484375
v 33.31214453125 16.75 82.8556484375
v 30.6099140625 16.75 83.8468359375
v 30.6099140625 16.75 83.8468359375
v 41.2841328125 16.8 100.0860078125
v 41.2841328125 16.8 100.0860078125
v 38.7195 16.8 101.1322109375
v 38.7195 16.8 101.1322109375
v 36.1135625 16.8 102.0708046875
v 36.1135625 16.8 102.0708046875
v 33.47083203125 16.8 102.900171875
v 33.47083203125 16.8 102.900171875
v 33.47083203125 16.8 102.900171875
v 33.47083203125 16.75 102.900171875
v 33.47083203125 16.75 102.900171875
v 33.47083203125 16.75 102.900171875
v 36.1135625 16.75 102.0708046875
v 36.1135625 16.75 102.0708046875
v 38.7195 16.75 101.1322109375
v 38.7195 16.75 101.1322109375
v 41.2841328125 16.75 100.0860078125
v 41.2841328125 16.75 100.0860078125
v 30.845541015625 16.8 103.6826875
v 30.845541015625 16.8 103.6826875
v 28.19168359375 16.8 104.3620390625
v 28.19168359375 16.8 104.3620390625
v 25.513310546875 16.8 104.9371953125
v 25.513310546875 16.8 104.9371953125
v 22.81451171875 16.8 105.4072578125
v 22.81451171875 16.8 105.4072578125
v 20.099408203125 16.8 105.7715234375
v 20.099408203125 16.8 105.7715234375
v 17.37214453125 16.8 106.0294375
v 17.37214453125 16.8 106.0294375
v 17.37214453125 16.75 106.0294375
v 17.37214453125 16.75 106.0294375
v 17.37214453125 16.75 106.0294375
v 20.099408203125 16.75 105.7715234375
v 20.099408203125 16.75 105.7715234375
v 22.81451171875 16.75 105.4072578125
v 22.81451171875 16.75 105.4072578125
v 25.513310546875 16.75 104.9371953125
v 25.513310546875 16.75 104.9371953125
v 28.19168359375 16.75 104.3620390625
v 28.19168359375 16.75 104.3620390625
v 30.845541015625 16.75 103.6826875
v 30.845541015625 16.75 103.6826875
v 13.7433603515625 16.8 106.2381640625
v 13.7433603515625 16.8 106.2381640625
v 10.109529296875 16.8 106.3213046875
v 10.109529296875 16.8 106.3213046875
v 6.47499609375 16.8 106.2787578125
v 6.47499609375 16.8 106.2787578125
v 6.47499609375 16.75 106.2787578125
v 6.47499609375 16.75 106.2787578125
v 6.47499609375 16.75 106.2787578125
v 10.109529296875 16.75 106.3213046875
v 10.109529296875 16.75 106.3213046875
v 13.7433603515625 16.75 106.2381640625
v 13.7433603515625 16.75 106.2381640625
v 3.755996337890625 16.8 106.1496796875
v 3.755996337890625 16.8 106.1496796875
v 1.0436036376953124 16.8 105.920453125
v 1.0436036376953124 16.8 105.920453125
v -1.6584937744140624 16.8 105.591375
v -1.6584937744140624 16.8 105.591375
v -4.34662158203125 16.8 105.16290625
v -4.34662158203125 16.8 105.16290625
v -7.01712548828125 16.8 104.6356171875
v -7.01712548828125 16.8 104.6356171875
v -9.666373046875 16.8 104.010234375
v -9.666373046875 16.8 104.010234375
v -9.666373046875 16.75 104.010234375
v -9.666373046875 16.75 104.010234375
v -9.666373046875 16.75 104.010234375
v -7.01712548828125 16.75 104.6356171875
v -7.01712548828125 16.75 104.6356171875
v -4.34662158203125 16.75 105.16290625
v -4.34662158203125 16.75 105.16290625
v -1.6584937744140624 16.75 105.591375
v -1.6584937744140624 16.75 105.591375
v 1.0436036376953124 16.75 105.920453125
v 1.0436036376953124 16.75 105.920453125
v 3.755996337890625 16.75 106.1496796875
v 3.755996337890625 16.75 106.1496796875
v -12.66326171875 16.8 103.1865703125
v -12.66326171875 16.8 103.1865703125
v -15.6286337890625 16.8 102.2558046875
v -15.6286337890625 16.8 102.2558046875
v -18.5586640625 16.8 101.2191328125
v -18.5586640625 16.8 101.2191328125
v -21.449572265625 16.8 100.07790625
v -21.449572265625 16.8 100.07790625
v -24.297626953125 16.8 98.833578125
v -24.297626953125 16.8 98.833578125
v -27.099154296875 16.8 97.487765625
v -27.099154296875 16.8 97.487765625
v -29.8505390625 16.8 96.0422109375
v -29.8505390625 16.8 96.0422109375
v -29.8505390625 16.75 96.0422109375
v -29.8505390625 16.75 96.0422109375
v -29.8505390625 16.75 96.0422109375
v -27.099154296875 16.75 97.487765625
v -27.099154296875 16.75 97.487765625
v -24.297626953125 16.75 98.833578125
v -24.297626953125 16.75 98.833578125
v -21.449572265625 16.75 100.07790625
v -21.449572265625 16.75 100.07790625
v -18.5586640625 16.75 101.2191328125
v -18.5586640625 16.75 101.2191328125
v -15.6286337890625 16.75 102.2558046875
v -15.6286337890625 16.75 102.2558046875
v -12.66326171875 16.75 103.1865703125
v -12.66326171875 16.75 103.1865703125
v -32.240232421875 16.8 94.6772421875
v -32.240232421875 16.8 94.6772421875
v -34.58142578125 16.8 93.230671875
v -34.58142578125 16.8 93.230671875
v -36.87133984375 16.8 91.70421875
v -36.87133984375 16.8 91.70421875
v -39.1072421875 16.8 90.0996953125
v -39.1072421875 16.8 90.0996953125
v -39.1072421875 16.75 90.0996953125
v -39.1072421875 16.75 90.0996953125
v -39.1072421875 16.75 90.0996953125
v -36.87133984375 16.75 91.70421875
v -36.87133984375 16.75 91.70421875
v -34.58142578125 16.75 93.230671875
v -34.58142578125 16.75 93.230671875
v -32.240232421875 16.75 94.6772421875
v -32.240232421875 16.75 94.6772421875
v -41.30661328125 16.8 88.4042421875
v -41.30661328125 16.8 88.4042421875
v -43.44696484375 16.8 86.634859375
v -43.44696484375 16.8 86.634859375
v -45.5258125 16.8 84.793609375
v -45.5258125 16.8 84.793609375
v -45.5258125 16.75 84.793609375
v -45.5258125 16.75 84.793609375
v -43.44696484375 16.75 86.634859375
v -43.44696484375 16.75 86.634859375
v -41.30661328125 16.75 88.4042421875
v -41.30661328125 16.75 88.4042421875
v 7.46417529296875 16.8 96.8535078125
v 35.4101953125 16.8 87.375984375
v -29.79718359375 16.8 77.8822421875
v -39.1125234375 16.8 77.9057734375
v -39.1125234375 16.8 87.3800390625
v -29.79718359375 16.8 87.364609375
v -20.48184375 16.8 87.3491796875
v -11.1665048828125 16.8 87.33375
v -1.851164794921875 16.8 96.8535078125
v 16.779515625 16.8 96.8535078125
v 26.09485546875 16.8 87.3538671875
v 16.779515625 16.8 87.33175
v -20.48184375 16.8 96.8535078125
v -11.1665048828125 16.8 96.8535078125
v 26.09485546875 16.8 96.8535078125
v 35.4101953125 16.8 96.8535078125
v -1.851164794921875 16.8 87.3183203125
v 35.4101953125 16.75 87.375984375
v -39.1125234375 16.75 87.3800390625
v -39.1125234375 16.75 77.9057734375
v -11.1665048828125 16.75 87.33375
v -1.851164794921875 16.75 96.8535078125
v -20.48184375 16.75 87.3491796875
v -29.79718359375 16.75 87.364609375
v -29.79718359375 16.75 77.8822421875
v -1.851164794921875 16.75 87.3183203125
v 35.4101953125 16.75 96.8535078125
v 26.09485546875 16.75 96.8535078125
v 16.779515625 16.75 96.8535078125
v 7.46417529296875 16.75 96.8535078125
v -11.1665048828125 16.75 96.8535078125
v -20.48184375 16.75 96.8535078125
v 16.779515625 16.75 87.33175
v 26.09485546875 16.75 87.3538671875
f 1397 1400 1394
f 1394 1400 1436
f 1436 1400 1402
f 1436 1402 1434
f 1434 1402 1404
f 1434 1404 1432
f 1432 1404 1406
f 1432 1406 1430
f 1430 1406 1408
f 1430 1408 1428
f 1428 1408 1410
f 1428 1410 1426
f 1426 1410 1412
f 1426 1412 1424
f 1424 1412 1414
f 1424 1414 1422
f 1422 1414 1416
f 1422 1416 1419
f 1438 1441 1447
f 1447 1441 1444
f 1445 1450 1448
f 1448 1450 1494
f 1494 1450 1452
f 1494 1452 1492
f 1492 1452 1454
f 1492 1454 1490
f 1490 1454 1456
f 1490 1456 1488
f 1488 1456 1458
f 1488 1458 1486
f 1486 1458 1460
f 1486 1460 1484
f 1484 1460 1462
f 1484 1462 1482
f 1482 1462 1464
f 1482 1464 1480
f 1480 1464 1466
f 1480 1466 1478
f 1478 1466 1468
f 1478 1468 1476
f 1476 1468 1470
f 1476 1470 1473
f 1474 1471 1499
f 1499 1471 1496
f 1505 1508 1502
f 1502 1508 1516
f 1516 1508 1510
f 1516 1510 1513
f 1518 1521 1527
f 1527 1521 1524
f 1528 1525 1533
f 1533 1525 1530
f 1531 1536 1534
f 1534 1536 1544
f 1544 1536 1538
f 1544 1538 1541
f 1542 1539 1549
f 1549 1539 1546
f 1550 1547 1555
f 1555 1547 1552
f 1514 1511 1561
f 1561 1511 1558
f 1562 1559 1395
f 1395 1559 1398
f 1564 1567 1573
f 1573 1567 1570
f 1574 1571 1503
f 1503 1571 1506
f 1579 1582 1576
f 1576 1582 1593
f 1593 1582 1584
f 1593 1584 1591
f 1591 1584 1586
f 1591 1586 1588
f 1586 1595 1589
f 1589 1595 1610
f 1610 1595 1597
f 1610 1597 1608
f 1608 1597 1599
f 1608 1599 1606
f 1606 1599 1601
f 1606 1601 1603
f 1601 1612 1604
f 1604 1612 1624
f 1624 1612 1614
f 1624 1614 1622
f 1622 1614 1616
f 1622 1616 1619
f 1617 1626 1620
f 1620 1626 1637
f 1637 1626 1628
f 1637 1628 1635
f 1635 1628 1630
f 1635 1630 1632
f 1630 1639 1633
f 1633 1639 1645
f 1645 1639 1641
f 1645 1641 1643
f 1643 1641 1522
f 1643 1522 1519
f 1553 1647 1556
f 1556 1647 1663
f 1663 1647 1649
f 1663 1649 1661
f 1661 1649 1651
f 1661 1651 1659
f 1659 1651 1653
f 1659 1653 1656
f 1654 1665 1657
f 1657 1665 1688
f 1688 1665 1667
f 1688 1667 1686
f 1686 1667 1669
f 1686 1669 1684
f 1684 1669 1671
f 1684 1671 1682
f 1682 1671 1673
f 1682 1673 1680
f 1680 1673 1675
f 1680 1675 1677
f 1675 1690 1678
f 1678 1690 1701
f 1701 1690 1692
f 1701 1692 1699
f 1699 1692 1694
f 1699 1694 1696
f 1694 1703 1697
f 1697 1703 1726
f 1726 1703 1705
f 1726 1705 1724
f 1724 1705 1707
f 1724 1707 1722
f 1722 1707 1709
f 1722 1709 1720
f 1720 1709 1711
f 1720 1711 1718
f 1718 1711 1713
f 1718 1713 1715
f 1713 1728 1716
f 1716 1728 1755
f 1755 1728 1730
f 1755 1730 1753
f 1753 1730 1732
f 1753 1732 1751
f 1751 1732 1734
f 1751 1734 1749
f 1749 1734 1736
f 1749 1736 1747
f 1747 1736 1738
f 1747 1738 1745
f 1745 1738 1740
f 1745 1740 1742
f 1740 1757 1743
f 1743 1757 1772
f 1772 1757 1759
f 1772 1759 1770
f 1770 1759 1761
f 1770 1761 1768
f 1768 1761 1763
f 1768 1763 1765
f 1763 1774 1766
f 1766 1774 1784
f 1784 1774 1776
f 1784 1776 1782
f 1782 1776 1778
f 1782 1778 1780
f 1780 1778 1568
f 1780 1568 1565
f 1472 1469 1497
f 1497 1469 1467
f 1497 1467 1465
f 1497 1465 1793
f 1793 1465 1463
f 1793 1463 1461
f 1461 1459 1793
f 1793 1459 1457
f 1793 1457 1455
f 1793 1455 1442
f 1442 1455 1453
f 1442 1453 1451
f 1451 1446 1442
f 1442 1417 1793
f 1793 1417 1792
f 1793 1792 1799
f 1799 1792 1798
f 1799 1798 1733
f 1733 1798 1735
f 1735 1798 1737
f 1737 1798 1739
f 1739 1798 1792
f 1739 1792 1791
f 1791 1792 1409
f 1791 1409 1788
f 1788 1409 1407
f 1788 1407 1405
f 1417 1415 1792
f 1792 1415 1413
f 1792 1413 1411
f 1411 1409 1792
f 1405 1403 1788
f 1788 1403 1789
f 1788 1789 1791
f 1791 1789 1790
f 1791 1790 1762
f 1762 1790 1764
f 1764 1790 1775
f 1775 1790 1777
f 1777 1790 1789
f 1777 1789 1779
f 1779 1789 1569
f 1569 1789 1509
f 1569 1509 1507
f 1403 1401 1789
f 1789 1401 1399
f 1789 1399 1509
f 1509 1399 1512
f 1512 1399 1560
f 1507 1572 1569
f 1762 1760 1791
f 1791 1760 1758
f 1791 1758 1741
f 1741 1739 1791
f 1733 1731 1799
f 1799 1731 1729
f 1799 1729 1714
f 1714 1712 1799
f 1799 1712 1794
f 1799 1794 1793
f 1793 1794 1580
f 1793 1580 1497
f 1712 1710 1794
f 1794 1710 1708
f 1794 1708 1706
f 1794 1706 1786
f 1786 1706 1704
f 1786 1704 1695
f 1695 1693 1786
f 1786 1693 1691
f 1786 1691 1795
f 1795 1691 1676
f 1795 1676 1674
f 1674 1672 1795
f 1795 1672 1800
f 1795 1800 1618
f 1618 1800 1627
f 1627 1800 1796
f 1627 1796 1629
f 1629 1796 1631
f 1631 1796 1787
f 1631 1787 1640
f 1640 1787 1642
f 1642 1787 1523
f 1523 1787 1532
f 1523 1532 1526
f 1672 1670 1800
f 1800 1670 1668
f 1800 1668 1666
f 1666 1655 1800
f 1800 1655 1801
f 1800 1801 1787
f 1787 1801 1537
f 1787 1537 1532
f 1655 1652 1801
f 1801 1652 1650
f 1801 1650 1648
f 1801 1648 1537
f 1537 1648 1554
f 1537 1554 1540
f 1540 1554 1548
f 1795 1618 1797
f 1797 1618 1615
f 1797 1615 1613
f 1613 1602 1797
f 1797 1602 1795
f 1795 1602 1786
f 1786 1602 1600
f 1786 1600 1598
f 1598 1596 1786
f 1786 1596 1794
f 1596 1587 1794
f 1794 1587 1802
f 1794 1802 1580
f 1580 1802 1583
f 1583 1802 1585
f 1585 1802 1587
f 1787 1796 1800
f 1475 1500 1477
f 1477 1500 1479
f 1479 1500 1481
f 1481 1500 1806
f 1481 1806 1483
f 1483 1806 1485
f 1485 1806 1487
f 1487 1806 1489
f 1489 1806 1491
f 1491 1806 1439
f 1491 1439 1493
f 1493 1439 1495
f 1495 1439 1449
f 1500 1577 1806
f 1806 1577 1807
f 1806 1807 1816
f 1816 1807 1719
f 1816 1719 1717
f 1807 1577 1811
f 1811 1577 1594
f 1811 1594 1592
f 1592 1590 1811
f 1811 1590 1807
f 1590 1611 1807
f 1807 1611 1815
f 1807 1815 1725
f 1725 1815 1727
f 1727 1815 1698
f 1698 1815 1700
f 1700 1815 1702
f 1702 1815 1814
f 1702 1814 1679
f 1679 1814 1681
f 1681 1814 1683
f 1683 1814 1813
f 1683 1813 1685
f 1685 1813 1687
f 1687 1813 1689
f 1689 1813 1658
f 1658 1813 1812
f 1658 1812 1660
f 1660 1812 1662
f 1662 1812 1664
f 1664 1812 1545
f 1664 1545 1557
f 1557 1545 1543
f 1557 1543 1551
f 1611 1609 1815
f 1815 1609 1607
f 1815 1607 1605
f 1625 1818 1605
f 1605 1818 1814
f 1605 1814 1815
f 1625 1623 1818
f 1818 1623 1621
f 1818 1621 1814
f 1814 1621 1813
f 1621 1638 1813
f 1813 1638 1819
f 1813 1819 1803
f 1803 1819 1634
f 1803 1634 1646
f 1638 1636 1819
f 1819 1636 1634
f 1646 1644 1803
f 1803 1644 1520
f 1803 1520 1535
f 1535 1520 1529
f 1535 1545 1803
f 1803 1545 1812
f 1803 1812 1813
f 1725 1723 1807
f 1807 1723 1721
f 1807 1721 1719
f 1717 1756 1816
f 1816 1756 1754
f 1816 1754 1752
f 1816 1752 1817
f 1817 1752 1750
f 1817 1750 1748
f 1748 1746 1817
f 1817 1746 1808
f 1817 1808 1816
f 1816 1808 1806
f 1808 1746 1809
f 1809 1746 1744
f 1809 1744 1773
f 1773 1771 1809
f 1809 1771 1769
f 1809 1769 1804
f 1804 1769 1767
f 1804 1767 1785
f 1785 1783 1804
f 1804 1783 1805
f 1804 1805 1809
f 1809 1805 1810
f 1809 1810 1429
f 1429 1810 1431
f 1431 1810 1433
f 1433 1810 1435
f 1435 1810 1805
f 1435 1805 1437
f 1437 1805 1396
f 1396 1805 1517
f 1396 1517 1515
f 1783 1781 1805
f 1805 1781 1566
f 1805 1566 1517
f 1517 1566 1504
f 1504 1566 1575
f 1515 1563 1396
f 1809 1429 1808
f 1808 1429 1427
f 1808 1427 1425
f 1425 1423 1808
f 1808 1423 1420
f 1808 1420 1806
f 1806 1420 1439
f 1421 1418 1440
f 1440 1418 1443
f 1501 1498 1578
f 1578 1498 1581
v -12.989751953125 20.6 82.6895
v -12.989751953125 20.6 82.6895
v -12.989751953125 20.6 82.6895
v -12.989751953125 20.65 82.6895
v -12.989751953125 20.65 82.6895
v -12.989751953125 20.65 82.6895
v -13.299775390625 20.65 81.83771875
v -13.299775390625 20.65 81.83771875
v -13.299775390625 20.65 81.83771875
v -13.299775390625 20.6 81.83771875
v -13.299775390625 20.6 81.83771875
v -13.299775390625 20.6 81.83771875
v -12.4546318359375 20.65 81.5554765625
v -12.4546318359375 20.65 81.5554765625
v -11.5799345703125 20.65 81.3856796875
v -11.5799345703125 20.65 81.3856796875
v -10.690576171875 20.65 81.3312109375
v -10.690576171875 20.65 81.3312109375
v -9.8016953125 20.65 81.3929921875
v -9.8016953125 20.65 81.3929921875
v -8.9284248046875 20.65 81.5699765625
v -8.9284248046875 20.65 81.5699765625
v -8.0856298828125 20.65 81.85915625
v -8.0856298828125 20.65 81.85915625
v -7.287658203125 20.65 82.25559375
v -7.287658203125 20.65 82.25559375
v -6.54809375 20.65 82.7525546875
v -6.54809375 20.65 82.7525546875
v -5.87952734375 20.65 83.341578125
v -5.87952734375 20.65 83.341578125
v -5.29333984375 20.65 84.0126328125
v -5.29333984375 20.65 84.0126328125
v -4.799509765625 20.65 84.7542890625
v -4.799509765625 20.65 84.7542890625
v -4.799509765625 20.65 84.7542890625
v -4.799509765625 20.6 84.7542890625
v -4.799509765625 20.6 84.7542890625
v -4.799509765625 20.6 84.7542890625
v -5.29333984375 20.6 84.0126328125
v -5.29333984375 20.6 84.0126328125
v -5.87952734375 20.6 83.341578125
v -5.87952734375 20.6 83.341578125
v -6.54809375 20.6 82.7525546875
v -6.54809375 20.6 82.7525546875
v -7.287658203125 20.6 82.25559375
v -7.287658203125 20.6 82.25559375
v -8.0856298828125 20.6 81.85915625
v -8.0856298828125 20.6 81.85915625
v -8.9284248046875 20.6 81.5699765625
v -8.9284248046875 20.6 81.5699765625
v -9.8016953125 20.6 81.3929921875
v -9.8016953125 20.6 81.3929921875
v -10.690576171875 20.6 81.3312109375
v -10.690576171875 20.6 81.3312109375
v -11.5799345703125 20.6 81.3856796875
v -11.5799345703125 20.6 81.3856796875
v -12.4546318359375 20.6 81.5554765625
v -12.4546318359375 20.6 81.5554765625
v -5.11209326171875 20.65 85.113875
v -5.11209326171875 20.65 85.113875
v -5.11209326171875 20.65 85.113875
v -5.11209326171875 20.6 85.113875
v -5.11209326171875 20.6 85.113875
v -5.11209326171875 20.6 85.113875
v -48.0619375 20.6 82.1480859375
v -48.0619375 20.6 82.1480859375
v -48.0619375 20.6 82.1480859375
v -48.0619375 20.65 82.1480859375
v -48.0619375 20.65 82.1480859375
v -48.0619375 20.65 82.1480859375
v -41.36219921875 20.65 75.299109375
v -41.36219921875 20.65 75.299109375
v -34.6624609375 20.65 68.4501328125
v -34.6624609375 20.65 68.4501328125
v -34.6624609375 20.65 68.4501328125
v -34.6624609375 20.6 68.4501328125
v -34.6624609375 20.6 68.4501328125
v -34.6624609375 20.6 68.4501328125
v -41.36219921875 20.6 75.299109375
v -41.36219921875 20.6 75.299109375
v 43.54121484375 20.6 98.37734375
v 43.54121484375 20.6 98.37734375
v 43.54121484375 20.6 98.37734375
v 43.54121484375 20.65 98.37734375
v 43.54121484375 20.65 98.37734375
v 43.54121484375 20.65 98.37734375
v 42.0193828125 20.65 99.0821328125
v 42.0193828125 20.65 99.0821328125
v 40.48219921875 20.65 99.752765625
v 40.48219921875 20.65 99.752765625
v 38.930421875 20.65 100.3889140625
v 38.930421875 20.65 100.3889140625
v 38.930421875 20.65 100.3889140625
v 38.930421875 20.6 100.3889140625
v 38.930421875 20.6 100.3889140625
v 38.930421875 20.6 100.3889140625
v 40.48219921875 20.6 99.752765625
v 40.48219921875 20.6 99.752765625
v 42.0193828125 20.6 99.0821328125
v 42.0193828125 20.6 99.0821328125
v 29.32733984375 20.6 103.3809140625
v 29.32733984375 20.6 103.3809140625
v 29.32733984375 20.6 103.3809140625
v 29.32733984375 20.65 103.3809140625
v 29.32733984375 20.65 103.3809140625
v 29.32733984375 20.65 103.3809140625
v 26.582751953125 20.65 104.0090859375
v 26.582751953125 20.65 104.0090859375
v 23.81875 20.65 104.54540625
v 23.81875 20.65 104.54540625
v 21.03840234375 20.65 104.989296875
v 21.03840234375 20.65 104.989296875
v 18.2448046875 20.65 105.34025
v 18.2448046875 20.65 105.34025
v 15.4410595703125 20.65 105.5978828125
v 15.4410595703125 20.65 105.5978828125
v 15.4410595703125 20.65 105.5978828125
v 15.4410595703125 20.6 105.5978828125
v 15.4410595703125 20.6 105.5978828125
v 15.4410595703125 20.6 105.5978828125
v 18.2448046875 20.6 105.34025
v 18.2448046875 20.6 105.34025
v 21.03840234375 20.6 104.989296875
v 21.03840234375 20.6 104.989296875
v 23.81875 20.6 104.54540625
v 23.81875 20.6 104.54540625
v 26.582751953125 20.6 104.0090859375
v 26.582751953125 20.6 104.0090859375
v 12.35933203125 20.65 105.72946875
v 12.35933203125 20.65 105.72946875
v 9.27486328125 20.65 105.7498203125
v 9.27486328125 20.65 105.7498203125
v 6.1916669921875 20.65 105.658921875
v 6.1916669921875 20.65 105.658921875
v 3.11375537109375 20.65 105.4568828125
v 3.11375537109375 20.65 105.4568828125
v 0.0451325569152832 20.65 105.14396875
v 0.0451325569152832 20.65 105.14396875
v -3.01020849609375 20.65 104.7205859375
v -3.01020849609375 20.65 104.7205859375
v -6.0482919921875 20.65 104.1872890625
v -6.0482919921875 20.65 104.1872890625
v -9.065166015625 20.65 103.544765625
v -9.065166015625 20.65 103.544765625
v -9.065166015625 20.65 103.544765625
v -9.065166015625 20.6 103.544765625
v -9.065166015625 20.6 103.544765625
v -9.065166015625 20.6 103.544765625
v -6.0482919921875 20.6 104.1872890625
v -6.0482919921875 20.6 104.1872890625
v -3.01020849609375 20.6 104.7205859375
v -3.01020849609375 20.6 104.7205859375
v 0.0451325569152832 20.6 105.14396875
v 0.0451325569152832 20.6 105.14396875
v 3.11375537109375 20.6 105.4568828125
v 3.11375537109375 20.6 105.4568828125
v 6.1916669921875 20.6 105.658921875
v 6.1916669921875 20.6 105.658921875
v 9.27486328125 20.6 105.7498203125
v 9.27486328125 20.6 105.7498203125
v 12.35933203125 20.6 105.72946875
v 12.35933203125 20.6 105.72946875
v -12.0747421875 20.65 102.7690859375
v -12.0747421875 20.65 102.7690859375
v -15.0518759765625 20.65 101.876953125
v -15.0518759765625 20.65 101.876953125
v -17.9920625 20.65 100.8697109375
v -17.9920625 20.65 100.8697109375
v -20.8908515625 20.65 99.748890625
v -20.8908515625 20.65 99.748890625
v -23.743861328125 20.65 98.5161796875
v -23.743861328125 20.65 98.5161796875
v -26.546771484375 20.65 97.173453125
v -26.546771484375 20.65 97.173453125
v -29.295341796875 20.65 95.7227265625
v -29.295341796875 20.65 95.7227265625
v -29.295341796875 20.65 95.7227265625
v -29.295341796875 20.6 95.7227265625
v -29.295341796875 20.6 95.7227265625
v -29.295341796875 20.6 95.7227265625
v -26.546771484375 20.6 97.173453125
v -26.546771484375 20.6 97.173453125
v -23.743861328125 20.6 98.5161796875
v -23.743861328125 20.6 98.5161796875
v -20.8908515625 20.6 99.748890625
v -20.8908515625 20.6 99.748890625
v -17.9920625 20.6 100.8697109375
v -17.9920625 20.6 100.8697109375
v -15.0518759765625 20.6 101.876953125
v -15.0518759765625 20.6 101.876953125
v -12.0747421875 20.6 102.7690859375
v -12.0747421875 20.6 102.7690859375
v -32.05322265625 20.65 94.1269609375
v -32.05322265625 20.65 94.1269609375
v -34.7460078125 20.65 92.423640625
v -34.7460078125 20.65 92.423640625
v -37.36950390625 20.65 90.615421875
v -37.36950390625 20.65 90.615421875
v -39.919625 20.65 88.705125
v -39.919625 20.65 88.705125
v -42.39240625 20.65 86.6957109375
v -42.39240625 20.65 86.6957109375
v -44.78399609375 20.65 84.5903203125
v -44.78399609375 20.65 84.5903203125
v -47.090671875 20.65 82.39221875
v -47.090671875 20.65 82.39221875
v -47.090671875 20.65 82.39221875
v -47.090671875 20.6 82.39221875
v -47.090671875 20.6 82.39221875
v -47.090671875 20.6 82.39221875
v -44.78399609375 20.6 84.5903203125
v -44.78399609375 20.6 84.5903203125
v -42.39240625 20.6 86.6957109375
v -42.39240625 20.6 86.6957109375
v -39.919625 20.6 88.705125
v -39.919625 20.6 88.705125
v -37.36950390625 20.6 90.615421875
v -37.36950390625 20.6 90.615421875
v -34.7460078125 20.6 92.423640625
v -34.7460078125 20.6 92.423640625
v -32.05322265625 20.6 94.1269609375
v -32.05322265625 20.6 94.1269609375
v 35.9648203125 20.6 81.7358046875
v 35.9648203125 20.6 81.7358046875
v 35.9648203125 20.6 81.7358046875
v 35.9648203125 20.65 81.7358046875
v 35.9648203125 20.65 81.7358046875
v 35.9648203125 20.65 81.7358046875
v 35.85960546875 20.65 81.499265625
v 35.85960546875 20.65 81.499265625
v 35.85960546875 20.65 81.499265625
v 35.85960546875 20.6 81.499265625
v 35.85960546875 20.6 81.499265625
v 35.85960546875 20.6 81.499265625
v 36.6731875 20.65 81.153921875
v 36.6731875 20.65 81.153921875
v 36.6731875 20.65 81.153921875
v 36.6731875 20.6 81.153921875
v 36.6731875 20.6 81.153921875
v 36.6731875 20.6 81.153921875
v 40.59792578125 20.65 89.8151015625
v 40.59792578125 20.65 89.8151015625
v 44.52266015625 20.65 98.4762890625
v 44.52266015625 20.65 98.4762890625
v 44.52266015625 20.65 98.4762890625
v 44.52266015625 20.6 98.4762890625
v 44.52266015625 20.6 98.4762890625
v 44.52266015625 20.6 98.4762890625
v 40.59792578125 20.6 89.8151015625
v 40.59792578125 20.6 89.8151015625
v 43.75194921875 20.65 98.8255234375
v 43.75194921875 20.65 98.8255234375
v 43.75194921875 20.65 98.8255234375
v 43.75194921875 20.6 98.8255234375
v 43.75194921875 20.6 98.8255234375
v 43.75194921875 20.6 98.8255234375
v 38.36341015625 20.65 100.611203125
v 38.36341015625 20.65 100.611203125
v 37.791734375 20.65 100.8212109375
v 37.791734375 20.65 100.8212109375
v 37.21565625 20.65 101.01884375
v 37.21565625 20.65 101.01884375
v 37.21565625 20.65 101.01884375
v 37.21565625 20.6 101.01884375
v 37.21565625 20.6 101.01884375
v 37.21565625 20.6 101.01884375
v 37.791734375 20.6 100.8212109375
v 37.791734375 20.6 100.8212109375
v 38.36341015625 20.6 100.611203125
v 38.36341015625 20.6 100.611203125
v 35.960546875 20.65 101.457640625
v 35.960546875 20.65 101.457640625
v 34.6995546875 20.65 101.87925
v 34.6995546875 20.65 101.87925
v 33.43291796875 20.65 102.28359375
v 33.43291796875 20.65 102.28359375
v 33.43291796875 20.65 102.28359375
v 33.43291796875 20.6 102.28359375
v 33.43291796875 20.6 102.28359375
v 33.43291796875 20.6 102.28359375
v 34.6995546875 20.6 101.87925
v 34.6995546875 20.6 101.87925
v 35.960546875 20.6 101.457640625
v 35.960546875 20.6 101.457640625
v 32.46454296875 20.65 102.5678203125
v 32.46454296875 20.65 102.5678203125
v 31.49404296875 20.65 102.844703125
v 31.49404296875 20.65 102.844703125
v 30.5214765625 20.65 103.114234375
v 30.5214765625 20.65 103.114234375
v 30.5214765625 20.65 103.114234375
v 30.5214765625 20.6 103.114234375
v 30.5214765625 20.6 103.114234375
v 30.5214765625 20.6 103.114234375
v 31.49404296875 20.6 102.844703125
v 31.49404296875 20.6 102.844703125
v 32.46454296875 20.6 102.5678203125
v 32.46454296875 20.6 102.5678203125
v 30.126271484375 20.65 103.215546875
v 30.126271484375 20.65 103.215546875
v 29.72809765625 20.65 103.30446875
v 29.72809765625 20.65 103.30446875
v 29.72809765625 20.6 103.30446875
v 29.72809765625 20.6 103.30446875
v 30.126271484375 20.6 103.215546875
v 30.126271484375 20.6 103.215546875
v -13.1697919921875 20.65 82.8695390625
v -13.1697919921875 20.65 82.8695390625
v -13.1697919921875 20.65 82.8695390625
v -15.718447265625 20.65 81.7635625
v -15.718447265625 20.65 81.7635625
v -18.234529296875 20.65 80.5853671875
v -18.234529296875 20.65 80.5853671875
v -20.715994140625 20.65 79.33590625
v -20.715994140625 20.65 79.33590625
v -20.715994140625 20.65 79.33590625
v -23.150599609375 20.65 77.904453125
v -23.150599609375 20.65 77.904453125
v -25.521564453125 20.65 76.3698984375
v -25.521564453125 20.65 76.3698984375
v -27.8245234375 20.65 74.735046875
v -27.8245234375 20.65 74.735046875
v -30.05523828125 20.65 73.002921875
v -30.05523828125 20.65 73.002921875
v -32.209603515625 20.65 71.176703125
v -32.209603515625 20.65 71.176703125
v -34.28365234375 20.65 69.259765625
v -34.28365234375 20.65 69.259765625
v -34.28365234375 20.65 69.259765625
v -34.046375 20.65 69.00846875
v -34.046375 20.65 69.00846875
v -34.046375 20.65 69.00846875
v -47.4459609375 20.65 82.7640625
v -47.4459609375 20.65 82.7640625
v -47.4459609375 20.65 82.7640625
v 33.368 20.65 82.8215625
v 33.368 20.65 82.8215625
v 30.727876953125 20.65 83.7973203125
v 30.727876953125 20.65 83.7973203125
v 28.049111328125 20.65 84.6613671875
v 28.049111328125 20.65 84.6613671875
v 25.336427734375 20.65 85.4121640625
v 25.336427734375 20.65 85.4121640625
v 22.594611328125 20.65 86.0483984375
v 22.594611328125 20.65 86.0483984375
v 19.828498046875 20.65 86.5689375
v 19.828498046875 20.65 86.5689375
v 17.723986328125 20.65 86.877484375
v 17.723986328125 20.65 86.877484375
v 15.6090751953125 20.65 87.1040078125
v 15.6090751953125 20.65 87.1040078125
v 13.486958984375 20.65 87.2481796875
v 13.486958984375 20.65 87.2481796875
v 11.360841796875 20.65 87.309765625
v 11.360841796875 20.65 87.309765625
v 11.360841796875 20.65 87.309765625
v 9.284271484375 20.65 87.353984375
v 9.284271484375 20.65 87.353984375
v 7.2075810546875 20.65 87.3158359375
v 7.2075810546875 20.65 87.3158359375
v 5.13403564453125 20.65 87.195375
v 5.13403564453125 20.65 87.195375
v 3.066896484375 20.65 86.9928046875
v 3.066896484375 20.65 86.9928046875
v 1.0137573852539064 20.65 86.707203125
v 1.0137573852539064 20.65 86.707203125
v -1.0258026123046875 20.65 86.3368828125
v -1.0258026123046875 20.65 86.3368828125
v -3.04828857421875 20.65 85.88246875
v -3.04828857421875 20.65 85.88246875
v -5.05023486328125 20.65 85.344734375
v -5.05023486328125 20.65 85.344734375
v -5.05023486328125 20.65 85.344734375
v 35.264203125 20.65 87.100671875
v -29.545015625 20.65 77.7750546875
v -38.8034765625 20.65 77.7750546875
v -38.8034765625 20.65 87.0999765625
v -29.545015625 20.65 87.0999765625
v -20.286556640625 20.65 87.0999765625
v -11.0280966796875 20.65 87.0999765625
v -1.7696370849609375 20.65 96.4248984375
v 16.747283203125 20.65 96.4248984375
v 26.0057421875 20.65 87.1022421875
v 16.747283203125 20.65 87.1038203125
v -20.286556640625 20.65 96.4248984375
v -11.0280966796875 20.65 96.4248984375
v 7.48882275390625 20.65 96.4248984375
v 26.0057421875 20.65 96.4248984375
v 35.264203125 20.65 96.4248984375
v -1.7696370849609375 20.65 87.0999765625
v -5.05023486328125 20.6 85.344734375
v -5.05023486328125 20.6 85.344734375
v -5.05023486328125 20.6 85.344734375
v -3.04828857421875 20.6 85.88246875
v -3.04828857421875 20.6 85.88246875
v -1.0258026123046875 20.6 86.3368828125
v -1.0258026123046875 20.6 86.3368828125
v 1.0137573852539064 20.6 86.707203125
v 1.0137573852539064 20.6 86.707203125
v 3.066896484375 20.6 86.9928046875
v 3.066896484375 20.6 86.9928046875
v 3.066896484375 20.6 86.9928046875
v 5.13403564453125 20.6 87.195375
v 5.13403564453125 20.6 87.195375
v 7.2075810546875 20.6 87.3158359375
v 7.2075810546875 20.6 87.3158359375
v 9.284271484375 20.6 87.353984375
v 9.284271484375 20.6 87.353984375
v 11.360841796875 20.6 87.309765625
v 11.360841796875 20.6 87.309765625
v 11.360841796875 20.6 87.309765625
v 13.486958984375 20.6 87.2481796875
v 13.486958984375 20.6 87.2481796875
v 15.6090751953125 20.6 87.1040078125
v 15.6090751953125 20.6 87.1040078125
v 17.723986328125 20.6 86.877484375
v 17.723986328125 20.6 86.877484375
v 19.828498046875 20.6 86.5689375
v 19.828498046875 20.6 86.5689375
v 19.828498046875 20.6 86.5689375
v 22.594611328125 20.6 86.0483984375
v 22.594611328125 20.6 86.0483984375
v 25.336427734375 20.6 85.4121640625
v 25.336427734375 20.6 85.4121640625
v 28.049111328125 20.6 84.6613671875
v 28.049111328125 20.6 84.6613671875
v 30.727876953125 20.6 83.7973203125
v 30.727876953125 20.6 83.7973203125
v 33.368 20.6 82.8215625
v 33.368 20.6 82.8215625
v -47.4459609375 20.6 82.7640625
v -47.4459609375 20.6 82.7640625
v -47.4459609375 20.6 82.7640625
v -34.046375 20.6 69.00846875
v -34.046375 20.6 69.00846875
v -34.046375 20.6 69.00846875
v -34.28365234375 20.6 69.259765625
v -34.28365234375 20.6 69.259765625
v -34.28365234375 20.6 69.259765625
v -32.209603515625 20.6 71.176703125
v -32.209603515625 20.6 71.176703125
v -30.05523828125 20.6 73.002921875
v -30.05523828125 20.6 73.002921875
v -27.8245234375 20.6 74.735046875
v -27.8245234375 20.6 74.735046875
v -25.521564453125 20.6 76.3698984375
v -25.521564453125 20.6 76.3698984375
v -23.150599609375 20.6 77.904453125
v -23.150599609375 20.6 77.904453125
v -20.715994140625 20.6 79.33590625
v -20.715994140625 20.6 79.33590625
v -20.715994140625 20.6 79.33590625
v -18.234529296875 20.6 80.5853671875
v -18.234529296875 20.6 80.5853671875
v -15.718447265625 20.6 81.7635625
v -15.718447265625 20.6 81.7635625
v -13.1697919921875 20.6 82.8695390625
v -13.1697919921875 20.6 82.8695390625
v -13.1697919921875 20.6 82.8695390625
v 35.264203125 20.6 87.100671875
v -11.0280966796875 20.6 87.0999765625
v -11.0280966796875 20.6 96.4248984375
v -20.286556640625 20.6 87.0999765625
v -29.545015625 20.6 87.0999765625
v -38.8034765625 20.6 87.0999765625
v -38.8034765625 20.6 77.7750546875
v -29.545015625 20.6 77.7750546875
v -1.7696370849609375 20.6 87.0999765625
v 35.264203125 20.6 96.4248984375
v 26.0057421875 20.6 96.4248984375
v 16.747283203125 20.6 96.4248984375
v 7.48882275390625 20.6 96.4248984375
v -1.7696370849609375 20.6 96.4248984375
v -20.286556640625 20.6 96.4248984375
v 16.747283203125 20.6 87.1038203125
v 26.0057421875 20.6 87.1022421875
f 1820 1823 1829
f 1829 1823 1826
f 1827 1832 1830
f 1830 1832 1876
f 1876 1832 1834
f 1876 1834 1874
f 1874 1834 1836
f 1874 1836 1872
f 1872 1836 1838
f 1872 1838 1870
f 1870 1838 1840
f 1870 1840 1868
f 1868 1840 1842
f 1868 1842 1866
f 1866 1842 1844
f 1866 1844 1864
f 1864 1844 1846
f 1864 1846 1862
f 1862 1846 1848
f 1862 1848 1860
f 1860 1848 1850
f 1860 1850 1858
f 1858 1850 1852
f 1858 1852 1855
f 1856 1853 1881
f 1881 1853 1878
f 1887 1890 1884
f 1884 1890 1898
f 1898 1890 1892
f 1898 1892 1895
f 1903 1906 1900
f 1900 1906 1918
f 1918 1906 1908
f 1918 1908 1916
f 1916 1908 1910
f 1916 1910 1913
f 1923 1926 1920
f 1920 1926 1946
f 1946 1926 1928
f 1946 1928 1944
f 1944 1928 1930
f 1944 1930 1942
f 1942 1930 1932
f 1942 1932 1940
f 1940 1932 1934
f 1940 1934 1937
f 1935 1948 1938
f 1938 1948 1980
f 1980 1948 1950
f 1980 1950 1978
f 1978 1950 1952
f 1978 1952 1976
f 1976 1952 1954
f 1976 1954 1974
f 1974 1954 1956
f 1974 1956 1972
f 1972 1956 1958
f 1972 1958 1970
f 1970 1958 1960
f 1970 1960 1968
f 1968 1960 1962
f 1968 1962 1965
f 1963 1982 1966
f 1966 1982 2010
f 2010 1982 1984
f 2010 1984 2008
f 2008 1984 1986
f 2008 1986 2006
f 2006 1986 1988
f 2006 1988 2004
f 2004 1988 1990
f 2004 1990 2002
f 2002 1990 1992
f 2002 1992 2000
f 2000 1992 1994
f 2000 1994 1997
f 1995 2012 1998
f 1998 2012 2040
f 2040 2012 2014
f 2040 2014 2038
f 2038 2014 2016
f 2038 2016 2036
f 2036 2016 2018
f 2036 2018 2034
f 2034 2018 2020
f 2034 2020 2032
f 2032 2020 2022
f 2032 2022 2030
f 2030 2022 2024
f 2030 2024 2027
f 2042 2045 2051
f 2051 2045 2048
f 2052 2049 2057
f 2057 2049 2054
f 2055 2060 2058
f 2058 2060 2068
f 2068 2060 2062
f 2068 2062 2065
f 2066 2063 2073
f 2073 2063 2070
f 2074 2071 1901
f 1901 2071 1904
f 1914 1911 2088
f 2088 1911 2076
f 2088 2076 2086
f 2086 2076 2078
f 2086 2078 2083
f 2083 2078 2080
f 2081 2090 2084
f 2084 2090 2102
f 2102 2090 2092
f 2102 2092 2100
f 2100 2092 2094
f 2100 2094 2097
f 2098 2095 2116
f 2116 2095 2104
f 2116 2104 2114
f 2114 2104 2106
f 2114 2106 2111
f 2111 2106 2108
f 2112 2109 2124
f 2124 2109 2118
f 2124 2118 2122
f 2122 2118 2120
f 2122 2120 1921
f 1921 2120 1924
f 1854 1851 1879
f 1879 1851 1849
f 1879 1849 2199
f 2199 1849 1847
f 2199 1847 1845
f 1845 1843 2199
f 2199 1843 1841
f 2199 1841 1839
f 1839 1837 2199
f 2199 1837 1824
f 2199 1824 2126
f 1837 1835 1824
f 1824 1835 1833
f 1824 1833 1828
f 2199 2126 2198
f 2198 2126 2129
f 2198 2129 2131
f 2131 2133 2198
f 2198 2133 2197
f 2198 2197 1993
f 1993 2197 1996
f 1996 2197 2013
f 2013 2197 2015
f 2015 2197 2017
f 2017 2197 2196
f 2017 2196 2019
f 2019 2196 2021
f 2021 2196 2195
f 2021 2195 2023
f 2023 2195 2025
f 2025 2195 1891
f 2025 1891 1888
f 2133 2136 2197
f 2197 2136 2194
f 2197 2194 2195
f 2195 2194 2142
f 2195 2142 2144
f 2136 2138 2194
f 2194 2138 2140
f 2194 2140 2142
f 2144 2146 2195
f 2195 2146 1891
f 2149 1893 2146
f 2146 1893 1891
f 1888 2152 2025
f 2198 1993 2204
f 2204 1993 1991
f 2204 1991 1989
f 1989 1987 2204
f 2204 1987 2205
f 2204 2205 2198
f 2198 2205 2199
f 1987 1985 2205
f 2205 1985 1983
f 2205 1983 1964
f 2205 1964 2200
f 2200 1964 1961
f 2200 1961 1959
f 1959 1957 2200
f 2200 1957 1955
f 2200 1955 2206
f 2206 1955 1953
f 2206 1953 1951
f 1951 1949 2206
f 2206 1949 2201
f 2206 2201 2173
f 2173 2201 2171
f 2171 2201 2169
f 2169 2201 2203
f 2169 2203 2167
f 2167 2203 2201
f 2167 2201 2165
f 2165 2201 2207
f 2165 2207 2163
f 2163 2207 2202
f 2163 2202 2161
f 2161 2202 2159
f 2159 2202 2193
f 2159 2193 2157
f 2157 2193 2155
f 2155 2193 2046
f 2046 2193 2056
f 2046 2056 2050
f 1949 1936 2201
f 2201 1936 1933
f 2201 1933 1931
f 2201 1931 2207
f 2207 1931 1929
f 2207 1929 1927
f 1927 1925 2207
f 2207 1925 2121
f 2207 2121 2119
f 2119 2110 2207
f 2207 2110 2107
f 2207 2107 2105
f 2207 2105 2208
f 2208 2105 2096
f 2208 2096 2093
f 2093 2091 2208
f 2208 2091 2082
f 2208 2082 2079
f 2079 2077 2208
f 2208 2077 1912
f 2208 1912 1909
f 1909 1907 2208
f 2208 1907 2061
f 2208 2061 2193
f 2193 2061 2056
f 1907 1905 2061
f 2061 1905 2064
f 2064 1905 2072
f 2173 2176 2206
f 2206 2176 2178
f 2206 2178 2180
f 2180 2182 2206
f 2206 2182 2200
f 2182 2184 2200
f 2200 2184 2209
f 2200 2209 2190
f 2190 2209 2188
f 2188 2209 2186
f 2186 2209 2184
f 2200 2190 2199
f 2199 2190 1879
f 2196 2197 2195
f 2200 2199 2205
f 2207 2208 2202
f 2202 2208 2193
f 1857 1882 1859
f 1859 1882 1861
f 1861 1882 2280
f 1861 2280 1863
f 1863 2280 1865
f 1865 2280 1867
f 1867 2280 1869
f 1869 2280 1871
f 1871 2280 1873
f 1873 2280 1821
f 1873 1821 1875
f 1875 1821 1877
f 1877 1821 1831
f 1882 2210 2280
f 2280 2210 2281
f 2280 2281 2293
f 2293 2281 2007
f 2293 2007 2005
f 2281 2210 2287
f 2287 2210 2213
f 2287 2213 2215
f 2215 2217 2287
f 2287 2217 2292
f 2287 2292 2281
f 2281 2292 1967
f 2281 1967 2011
f 2217 2219 2292
f 2292 2219 2291
f 2292 2291 1975
f 1975 2291 1977
f 1977 2291 1979
f 1979 2291 1981
f 1981 2291 2290
f 1981 2290 1939
f 1939 2290 1941
f 1941 2290 1943
f 1943 2290 2289
f 1943 2289 1945
f 1945 2289 1947
f 1947 2289 1922
f 1922 2289 2123
f 2123 2289 2125
f 2125 2289 2113
f 2113 2289 2115
f 2115 2289 2117
f 2117 2289 2288
f 2117 2288 2099
f 2099 2288 2101
f 2101 2288 2103
f 2103 2288 2085
f 2085 2288 2087
f 2087 2288 2089
f 2089 2288 1915
f 1915 2288 1917
f 1917 2288 1919
f 1919 2288 2069
f 1919 2069 1902
f 1902 2069 2067
f 1902 2067 2075
f 2219 2222 2291
f 2291 2222 2224
f 2291 2224 2226
f 2226 2228 2291
f 2291 2228 2290
f 2228 2231 2290
f 2290 2231 2233
f 2290 2233 2294
f 2294 2233 2235
f 2294 2235 2290
f 2290 2235 2237
f 2290 2237 2289
f 2289 2237 2240
f 2289 2240 2295
f 2295 2240 2242
f 2295 2242 2244
f 2295 2244 2279
f 2279 2244 2246
f 2279 2246 2248
f 2248 2043 2279
f 2279 2043 2059
f 2279 2059 2069
f 2043 2053 2059
f 1975 1973 2292
f 2292 1973 1971
f 2292 1971 1969
f 1969 1967 2292
f 2011 2009 2281
f 2281 2009 2007
f 2005 2003 2293
f 2293 2003 2001
f 2293 2001 2282
f 2282 2001 2283
f 2282 2283 2269
f 2269 2283 2267
f 2267 2283 2286
f 2267 2286 2265
f 2265 2286 2263
f 2263 2286 2261
f 2261 2286 2285
f 2261 2285 2259
f 2259 2285 2256
f 2256 2285 1899
f 2256 1899 1896
f 2001 1999 2283
f 2283 1999 2041
f 2283 2041 2039
f 2039 2037 2283
f 2283 2037 2284
f 2283 2284 2286
f 2286 2284 2285
f 2037 2035 2284
f 2284 2035 2033
f 2284 2033 2285
f 2285 2033 2031
f 2285 2031 2028
f 2250 1885 2028
f 2028 1885 1899
f 2028 1899 2285
f 1896 2253 2256
f 2269 2272 2282
f 2282 2272 2274
f 2282 2274 2276
f 2282 2276 2280
f 2280 2276 1821
f 2293 2282 2280
f 2289 2295 2288
f 2288 2295 2279
f 2288 2279 2069
f 1897 1894 2254
f 2254 1894 2150
f 2255 2151 2257
f 2257 2151 2147
f 2029 2026 2251
f 2251 2026 2153
f 2252 2154 1886
f 1886 2154 1889
f 2148 2145 2258
f 2258 2145 2260
f 2260 2145 2143
f 2260 2143 2262
f 2262 2143 2141
f 2262 2141 2264
f 2264 2141 2139
f 2264 2139 2266
f 2266 2139 2137
f 2266 2137 2268
f 2268 2137 2134
f 2268 2134 2270
f 2135 2132 2271
f 2271 2132 2273
f 2273 2132 2130
f 2273 2130 2275
f 2275 2130 2127
f 2275 2127 2277
f 2191 2189 2211
f 2211 2189 2214
f 2214 2189 2187
f 2214 2187 2216
f 2216 2187 2185
f 2216 2185 2218
f 2218 2185 2183
f 2218 2183 2220
f 2183 2181 2221
f 2221 2181 2223
f 2223 2181 2179
f 2223 2179 2225
f 2225 2179 2177
f 2225 2177 2227
f 2227 2177 2174
f 2227 2174 2229
f 2175 2172 2230
f 2230 2172 2232
f 2232 2172 2170
f 2232 2170 2234
f 2234 2170 2168
f 2234 2168 2236
f 2236 2168 2166
f 2236 2166 2238
f 2166 2164 2239
f 2239 2164 2241
f 2241 2164 2162
f 2241 2162 2243
f 2243 2162 2160
f 2243 2160 2245
f 2245 2160 2158
f 2245 2158 2247
f 2247 2158 2156
f 2247 2156 2249
f 2249 2156 2047
f 2249 2047 2044
f 2278 2128 1822
f 1822 2128 1825
f 1883 1880 2212
f 2212 1880 2192
v -34.28555078125 24.45 69.2617734375
v -34.28555078125 24.45 69.2617734375
v -34.28555078125 24.45 69.2617734375
v -34.28555078125 24.5 69.2617734375
v -34.28555078125 24.5 69.2617734375
v -34.28555078125 24.5 69.2617734375
v -32.229908203125 24.5 71.1775625
v -32.229908203125 24.5 71.1775625
v -30.0910078125 24.5 72.9999375
v -30.0910078125 24.5 72.9999375
v -27.87309375 24.5 74.7252734375
v -27.87309375 24.5 74.7252734375
v -25.5805625 24.5 76.3501484375
v -25.5805625 24.5 76.3501484375
v -23.2179609375 24.5 77.87134375
v -23.2179609375 24.5 77.87134375
v -20.7899765625 24.5 79.28584375
v -20.7899765625 24.5 79.28584375
v -18.301421875 24.5 80.59084375
v -18.301421875 24.5 80.59084375
v -15.7572333984375 24.5 81.78375
v -15.7572333984375 24.5 81.78375
v -13.16245703125 24.5 82.862203125
v -13.16245703125 24.5 82.862203125
v -13.16245703125 24.5 82.862203125
v -13.16245703125 24.45 82.862203125
v -13.16245703125 24.45 82.862203125
v -13.16245703125 24.45 82.862203125
v -15.7572333984375 24.45 81.78375
v -15.7572333984375 24.45 81.78375
v -18.301421875 24.45 80.59084375
v -18.301421875 24.45 80.59084375
v -20.7899765625 24.45 79.28584375
v -20.7899765625 24.45 79.28584375
v -23.2179609375 24.45 77.87134375
v -23.2179609375 24.45 77.87134375
v -25.5805625 24.45 76.3501484375
v -25.5805625 24.45 76.3501484375
v -27.87309375 24.45 74.7252734375
v -27.87309375 24.45 74.7252734375
v -30.0910078125 24.45 72.9999375
v -30.0910078125 24.45 72.9999375
v -32.229908203125 24.45 71.1775625
v -32.229908203125 24.45 71.1775625
v -12.989751953125 24.45 82.6895
v -12.989751953125 24.45 82.6895
v -12.989751953125 24.45 82.6895
v -12.989751953125 24.5 82.6895
v -12.989751953125 24.5 82.6895
v -12.989751953125 24.5 82.6895
v -13.299775390625 24.5 81.83771875
v -13.299775390625 24.5 81.83771875
v -13.299775390625 24.5 81.83771875
v -13.299775390625 24.45 81.83771875
v -13.299775390625 24.45 81.83771875
v -13.299775390625 24.45 81.83771875
v -12.4546318359375 24.5 81.5554765625
v -12.4546318359375 24.5 81.5554765625
v -11.5799345703125 24.5 81.3856796875
v -11.5799345703125 24.5 81.3856796875
v -10.690576171875 24.5 81.3312109375
v -10.690576171875 24.5 81.3312109375
v -9.8016953125 24.5 81.3929921875
v -9.8016953125 24.5 81.3929921875
v -8.9284248046875 24.5 81.5699765625
v -8.9284248046875 24.5 81.5699765625
v -8.0856298828125 24.5 81.85915625
v -8.0856298828125 24.5 81.85915625
v -7.287658203125 24.5 82.25559375
v -7.287658203125 24.5 82.25559375
v -6.54809375 24.5 82.7525546875
v -6.54809375 24.5 82.7525546875
v -5.87952734375 24.5 83.341578125
v -5.87952734375 24.5 83.341578125
v -5.29333984375 24.5 84.0126328125
v -5.29333984375 24.5 84.0126328125
v -4.799509765625 24.5 84.7542890625
v -4.799509765625 24.5 84.7542890625
v -4.799509765625 24.5 84.7542890625
v -4.799509765625 24.45 84.7542890625
v -4.799509765625 24.45 84.7542890625
v -4.799509765625 24.45 84.7542890625
v -5.29333984375 24.45 84.0126328125
v -5.29333984375 24.45 84.0126328125
v -5.87952734375 24.45 83.341578125
v -5.87952734375 24.45 83.341578125
v -6.54809375 24.45 82.7525546875
v -6.54809375 24.45 82.7525546875
v -7.287658203125 24.45 82.25559375
v -7.287658203125 24.45 82.25559375
v -8.0856298828125 24.45 81.85915625
v -8.0856298828125 24.45 81.85915625
v -8.9284248046875 24.45 81.5699765625
v -8.9284248046875 24.45 81.5699765625
v -9.8016953125 24.45 81.3929921875
v -9.8016953125 24.45 81.3929921875
v -10.690576171875 24.45 81.3312109375
v -10.690576171875 24.45 81.3312109375
v -11.5799345703125 24.45 81.3856796875
v -11.5799345703125 24.45 81.3856796875
v -12.4546318359375 24.45 81.5554765625
v -12.4546318359375 24.45 81.5554765625
v -5.1162890625 24.5 85.09821875
v -5.1162890625 24.5 85.09821875
v -5.1162890625 24.5 85.09821875
v -5.1162890625 24.45 85.09821875
v -5.1162890625 24.45 85.09821875
v -5.1162890625 24.45 85.09821875
v -5.01218798828125 24.45 85.4867265625
v -5.01218798828125 24.45 85.4867265625
v -5.01218798828125 24.45 85.4867265625
v -5.01218798828125 24.5 85.4867265625
v -5.01218798828125 24.5 85.4867265625
v -5.01218798828125 24.5 85.4867265625
v -4.77661474609375 24.5 85.5420546875
v -4.77661474609375 24.5 85.5420546875
v -4.54083544921875 24.5 85.5964921875
v -4.54083544921875 24.5 85.5964921875
v -4.30485400390625 24.5 85.650046875
v -4.30485400390625 24.5 85.650046875
v -4.30485400390625 24.5 85.650046875
v -4.30485400390625 24.45 85.650046875
v -4.30485400390625 24.45 85.650046875
v -4.30485400390625 24.45 85.650046875
v -4.54083544921875 24.45 85.5964921875
v -4.54083544921875 24.45 85.5964921875
v -4.77661474609375 24.45 85.5420546875
v -4.77661474609375 24.45 85.5420546875
v -47.34752734375 24.45 81.417765625
v -47.34752734375 24.45 81.417765625
v -47.34752734375 24.45 81.417765625
v -47.34752734375 24.5 81.417765625
v -47.34752734375 24.5 81.417765625
v -47.34752734375 24.5 81.417765625
v -41.0049921875 24.5 74.9339453125
v -41.0049921875 24.5 74.9339453125
v -34.6624609375 24.5 68.4501328125
v -34.6624609375 24.5 68.4501328125
v -34.6624609375 24.5 68.4501328125
v -34.6624609375 24.45 68.4501328125
v -34.6624609375 24.45 68.4501328125
v -34.6624609375 24.45 68.4501328125
v -41.0049921875 24.45 74.9339453125
v -41.0049921875 24.45 74.9339453125
v -1.8440076904296876 24.5 86.2021875
v -1.8440076904296876 24.5 86.2021875
v 0.6382572631835938 24.5 86.648265625
v 0.6382572631835938 24.5 86.648265625
v 3.137371826171875 24.5 86.987453125
v 3.137371826171875 24.5 86.987453125
v 5.6487353515625 24.5 87.2191328125
v 5.6487353515625 24.5 87.2191328125
v 8.1677255859375 24.5 87.342875
v 8.1677255859375 24.5 87.342875
v 10.689705078125 24.5 87.358453125
v 10.689705078125 24.5 87.358453125
v 13.21003125 24.5 87.26584375
v 13.21003125 24.5 87.26584375
v 15.7240654296875 24.5 87.065203125
v 15.7240654296875 24.5 87.065203125
v 15.7240654296875 24.5 87.065203125
v 15.7240654296875 24.45 87.065203125
v 15.7240654296875 24.45 87.065203125
v 15.7240654296875 24.45 87.065203125
v 13.21003125 24.45 87.26584375
v 13.21003125 24.45 87.26584375
v 10.689705078125 24.45 87.358453125
v 10.689705078125 24.45 87.358453125
v 8.1677255859375 24.45 87.342875
v 8.1677255859375 24.45 87.342875
v 5.6487353515625 24.45 87.2191328125
v 5.6487353515625 24.45 87.2191328125
v 3.137371826171875 24.45 86.987453125
v 3.137371826171875 24.45 86.987453125
v 0.6382572631835938 24.45 86.648265625
v 0.6382572631835938 24.45 86.648265625
v -1.8440076904296876 24.45 86.2021875
v -1.8440076904296876 24.45 86.2021875
v 18.034337890625 24.5 86.8121015625
v 18.034337890625 24.5 86.8121015625
v 20.33399609375 24.5 86.47596875
v 20.33399609375 24.5 86.47596875
v 22.620056640625 24.5 86.0572265625
v 22.620056640625 24.5 86.0572265625
v 22.620056640625 24.5 86.0572265625
v 22.620056640625 24.45 86.0572265625
v 22.620056640625 24.45 86.0572265625
v 22.620056640625 24.45 86.0572265625
v 20.33399609375 24.45 86.47596875
v 20.33399609375 24.45 86.47596875
v 18.034337890625 24.45 86.8121015625
v 18.034337890625 24.45 86.8121015625
v -21.9968515625 24.45 98.1172734375
v -21.9968515625 24.45 98.1172734375
v -21.9968515625 24.45 98.1172734375
v -21.9968515625 24.5 98.1172734375
v -21.9968515625 24.5 98.1172734375
v -21.9968515625 24.5 98.1172734375
v -24.32808984375 24.5 97.055546875
v -24.32808984375 24.5 97.055546875
v -26.633642578125 24.5 95.9391484375
v -26.633642578125 24.5 95.9391484375
v -28.912232421875 24.5 94.7686875
v -28.912232421875 24.5 94.7686875
v -28.912232421875 24.45 94.7686875
v -28.912232421875 24.45 94.7686875
v -28.912232421875 24.45 94.7686875
v -26.633642578125 24.45 95.9391484375
v -26.633642578125 24.45 95.9391484375
v -24.32808984375 24.45 97.055546875
v -24.32808984375 24.45 97.055546875
v -31.30799609375 24.5 93.434796875
v -31.30799609375 24.5 93.434796875
v -33.64361328125 24.5 91.9981875
v -33.64361328125 24.5 91.9981875
v -35.91468359375 24.5 90.4615703125
v -35.91468359375 24.5 90.4615703125
v -38.11692578125 24.5 88.8278359375
v -38.11692578125 24.5 88.8278359375
v -38.11692578125 24.5 88.8278359375
v -38.11692578125 24.45 88.8278359375
v -38.11692578125 24.45 88.8278359375
v -38.11692578125 24.45 88.8278359375
v -35.91468359375 24.45 90.4615703125
v -35.91468359375 24.45 90.4615703125
v -33.64361328125 24.45 91.9981875
v -33.64361328125 24.45 91.9981875
v -31.30799609375 24.45 93.434796875
v -31.30799609375 24.45 93.434796875
v 35.961171875 24.45 81.7224375
v 35.961171875 24.45 81.7224375
v 35.961171875 24.45 81.7224375
v 35.961171875 24.5 81.7224375
v 35.961171875 24.5 81.7224375
v 35.961171875 24.5 81.7224375
v 35.85440234375 24.5 81.48146875
v 35.85440234375 24.5 81.48146875
v 35.85440234375 24.5 81.48146875
v 35.85440234375 24.45 81.48146875
v 35.85440234375 24.45 81.48146875
v 35.85440234375 24.45 81.48146875
v 36.65515625 24.5 81.1415703125
v 36.65515625 24.5 81.1415703125
v 36.65515625 24.5 81.1415703125
v 36.65515625 24.45 81.1415703125
v 36.65515625 24.45 81.1415703125
v 36.65515625 24.45 81.1415703125
v 40.39434375 24.5 89.39328125
v 40.39434375 24.5 89.39328125
v 44.13353125 24.5 97.6449921875
v 44.13353125 24.5 97.6449921875
v 44.13353125 24.5 97.6449921875
v 44.13353125 24.45 97.6449921875
v 44.13353125 24.45 97.6449921875
v 44.13353125 24.45 97.6449921875
v 40.39434375 24.45 89.39328125
v 40.39434375 24.45 89.39328125
v 43.36119140625 24.5 97.99496875
v 43.36119140625 24.5 97.99496875
v 43.36119140625 24.5 97.99496875
v 43.36119140625 24.45 97.99496875
v 43.36119140625 24.45 97.99496875
v 43.36119140625 24.45 97.99496875
v 43.15384375 24.5 97.5539921875
v 43.15384375 24.5 97.5539921875
v 43.15384375 24.5 97.5539921875
v 43.15384375 24.45 97.5539921875
v 43.15384375 24.45 97.5539921875
v 43.15384375 24.45 97.5539921875
v -34.046375 24.5 69.00846875
v -34.046375 24.5 69.00846875
v -34.046375 24.5 69.00846875
v -34.046375 24.45 69.00846875
v -34.046375 24.45 69.00846875
v -34.046375 24.45 69.00846875
v -46.52175 24.45 81.7753515625
v -46.52175 24.45 81.7753515625
v -46.52175 24.45 81.7753515625
v -46.52175 24.5 81.7753515625
v -46.52175 24.5 81.7753515625
v -46.52175 24.5 81.7753515625
v -46.74827734375 24.5 82.0170078125
v -46.74827734375 24.5 82.0170078125
v -46.74827734375 24.5 82.0170078125
v -46.74827734375 24.45 82.0170078125
v -46.74827734375 24.45 82.0170078125
v -46.74827734375 24.45 82.0170078125
v 25.35271484375 24.5 85.402796875
v 25.35271484375 24.5 85.402796875
v 28.057361328125 24.5 84.640828125
v 28.057361328125 24.5 84.640828125
v 30.72976171875 24.5 83.772515625
v 30.72976171875 24.5 83.772515625
v 33.36573828125 24.5 82.7992109375
v 33.36573828125 24.5 82.7992109375
v 33.36573828125 24.45 82.7992109375
v 33.36573828125 24.45 82.7992109375
v 30.72976171875 24.45 83.772515625
v 30.72976171875 24.45 83.772515625
v 28.057361328125 24.45 84.640828125
v 28.057361328125 24.45 84.640828125
v 25.35271484375 24.45 85.402796875
v 25.35271484375 24.45 85.402796875
v 40.70572265625 24.5 98.6697421875
v 40.70572265625 24.5 98.6697421875
v 38.21718359375 24.5 99.6921875
v 38.21718359375 24.5 99.6921875
v 35.69178515625 24.5 100.6198515625
v 35.69178515625 24.5 100.6198515625
v 33.13313671875 24.5 101.451421875
v 33.13313671875 24.5 101.451421875
v 33.13313671875 24.45 101.451421875
v 33.13313671875 24.45 101.451421875
v 33.13313671875 24.45 101.451421875
v 35.69178515625 24.45 100.6198515625
v 35.69178515625 24.45 100.6198515625
v 38.21718359375 24.45 99.6921875
v 38.21718359375 24.45 99.6921875
v 40.70572265625 24.45 98.6697421875
v 40.70572265625 24.45 98.6697421875
v 30.55279296875 24.5 102.184078125
v 30.55279296875 24.5 102.184078125
v 27.946884765625 24.5 102.8198359375
v 27.946884765625 24.5 102.8198359375
v 25.319046875 24.5 103.3578125
v 25.319046875 24.5 103.3578125
v 22.67294921875 24.5 103.79725
v 22.67294921875 24.5 103.79725
v 22.67294921875 24.5 103.79725
v 22.67294921875 24.45 103.79725
v 22.67294921875 24.45 103.79725
v 22.67294921875 24.45 103.79725
v 25.319046875 24.45 103.3578125
v 25.319046875 24.45 103.3578125
v 27.946884765625 24.45 102.8198359375
v 27.946884765625 24.45 102.8198359375
v 30.55279296875 24.45 102.184078125
v 30.55279296875 24.45 102.184078125
v 20.017818359375 24.5 104.2268515625
v 20.017818359375 24.5 104.2268515625
v 17.347576171875 24.5 104.5494609375
v 17.347576171875 24.5 104.5494609375
v 14.666529296875 24.5 104.7645546875
v 14.666529296875 24.5 104.7645546875
v 11.9790078125 24.5 104.871796875
v 11.9790078125 24.5 104.871796875
v 9.28934765625 24.5 104.871
v 9.28934765625 24.5 104.871
v 6.60189013671875 24.5 104.7621796875
v 6.60189013671875 24.5 104.7621796875
v 6.60189013671875 24.45 104.7621796875
v 6.60189013671875 24.45 104.7621796875
v 6.60189013671875 24.45 104.7621796875
v 9.28934765625 24.45 104.871
v 9.28934765625 24.45 104.871
v 11.9790078125 24.45 104.871796875
v 11.9790078125 24.45 104.871796875
v 14.666529296875 24.45 104.7645546875
v 14.666529296875 24.45 104.7645546875
v 17.347576171875 24.45 104.5494609375
v 17.347576171875 24.45 104.5494609375
v 20.017818359375 24.45 104.2268515625
v 20.017818359375 24.45 104.2268515625
v 3.011259521484375 24.5 104.4852578125
v 3.011259521484375 24.5 104.4852578125
v -0.5683490600585938 24.5 104.0906484375
v -0.5683490600585938 24.5 104.0906484375
v -4.1330791015625 24.5 103.57878125
v -4.1330791015625 24.5 103.57878125
v -4.1330791015625 24.45 103.57878125
v -4.1330791015625 24.45 103.57878125
v -4.1330791015625 24.45 103.57878125
v -0.5683490600585938 24.45 104.0906484375
v -0.5683490600585938 24.45 104.0906484375
v 3.011259521484375 24.45 104.4852578125
v 3.011259521484375 24.45 104.4852578125
v -6.76730078125 24.5 103.1029765625
v -6.76730078125 24.5 103.1029765625
v -9.3807734375 24.5 102.5239453125
v -9.3807734375 24.5 102.5239453125
v -11.969453125 24.5 101.8425859375
v -11.969453125 24.5 101.8425859375
v -14.5293359375 24.5 101.0599453125
v -14.5293359375 24.5 101.0599453125
v -17.0564609375 24.5 100.17725
v -17.0564609375 24.5 100.17725
v -19.546916015625 24.5 99.1958515625
v -19.546916015625 24.5 99.1958515625
v -19.546916015625 24.45 99.1958515625
v -19.546916015625 24.45 99.1958515625
v -17.0564609375 24.45 100.17725
v -17.0564609375 24.45 100.17725
v -14.5293359375 24.45 101.0599453125
v -14.5293359375 24.45 101.0599453125
v -11.969453125 24.45 101.8425859375
v -11.969453125 24.45 101.8425859375
v -9.3807734375 24.45 102.5239453125
v -9.3807734375 24.45 102.5239453125
v -6.76730078125 24.45 103.1029765625
v -6.76730078125 24.45 103.1029765625
v -40.29134765625 24.5 87.153640625
v -40.29134765625 24.5 87.153640625
v -42.41806640625 24.5 85.41925
v -42.41806640625 24.5 85.41925
v -44.49540625 24.5 83.626015625
v -44.49540625 24.5 83.626015625
v -44.49540625 24.45 83.626015625
v -44.49540625 24.45 83.626015625
v -42.41806640625 24.45 85.41925
v -42.41806640625 24.45 85.41925
v -40.29134765625 24.45 87.153640625
v -40.29134765625 24.45 87.153640625
v -29.051314453125 24.5 77.555546875
v -38.199421875 24.5 77.555546875
v -38.199421875 24.5 86.660140625
v -29.051314453125 24.5 86.65734375
v -19.903208984375 24.5 86.654546875
v -10.755103515625 24.5 86.65175
v -1.606997802734375 24.5 86.648953125
v -1.606997802734375 24.5 95.766375
v 34.98542578125 24.5 86.6609609375
v 25.837318359375 24.5 86.6609609375
v -19.903208984375 24.5 95.766375
v -10.755103515625 24.5 95.766375
v 7.54110791015625 24.5 95.766375
v 16.689212890625 24.5 95.766375
v 25.837318359375 24.5 95.766375
v 34.98542578125 24.5 95.766375
v 34.98542578125 24.45 86.6609609375
v -38.199421875 24.45 86.660140625
v -1.606997802734375 24.45 86.648953125
v -10.755103515625 24.45 86.65175
v -1.606997802734375 24.45 95.766375
v -19.903208984375 24.45 86.654546875
v -29.051314453125 24.45 86.65734375
v -38.199421875 24.45 77.555546875
v -29.051314453125 24.45 77.555546875
v 34.98542578125 24.45 95.766375
v 25.837318359375 24.45 95.766375
v 16.689212890625 24.45 95.766375
v 7.54110791015625 24.45 95.766375
v -10.755103515625 24.45 95.766375
v -19.903208984375 24.45 95.766375
v 25.837318359375 24.45 86.6609609375
f 2299 2302 2296
f 2296 2302 2338
f 2338 2302 2304
f 2338 2304 2336
f 2336 2304 2306
f 2336 2306 2334
f 2334 2306 2308
f 2334 2308 2332
f 2332 2308 2310
f 2332 2310 2330
f 2330 2310 2312
f 2330 2312 2328
f 2328 2312 2314
f 2328 2314 2326
f 2326 2314 2316
f 2326 2316 2324
f 2324 2316 2318
f 2324 2318 2321
f 2340 2343 2349
f 2349 2343 2346
f 2347 2352 2350
f 2350 2352 2396
f 2396 2352 2354
f 2396 2354 2394
f 2394 2354 2356
f 2394 2356 2392
f 2392 2356 2358
f 2392 2358 2390
f 2390 2358 2360
f 2390 2360 2388
f 2388 2360 2362
f 2388 2362 2386
f 2386 2362 2364
f 2386 2364 2384
f 2384 2364 2366
f 2384 2366 2382
f 2382 2366 2368
f 2382 2368 2380
f 2380 2368 2370
f 2380 2370 2378
f 2378 2370 2372
f 2378 2372 2375
f 2376 2373 2401
f 2401 2373 2398
f 2404 2407 2422
f 2422 2407 2410
f 2422 2410 2420
f 2420 2410 2412
f 2420 2412 2417
f 2417 2412 2414
f 2427 2430 2424
f 2424 2430 2438
f 2438 2430 2432
f 2438 2432 2435
f 2415 2440 2418
f 2418 2440 2472
f 2472 2440 2442
f 2472 2442 2470
f 2470 2442 2444
f 2470 2444 2468
f 2468 2444 2446
f 2468 2446 2466
f 2466 2446 2448
f 2466 2448 2464
f 2464 2448 2450
f 2464 2450 2462
f 2462 2450 2452
f 2462 2452 2460
f 2460 2452 2454
f 2460 2454 2457
f 2455 2474 2458
f 2458 2474 2486
f 2486 2474 2476
f 2486 2476 2484
f 2484 2476 2478
f 2484 2478 2481
f 2491 2494 2488
f 2488 2494 2505
f 2505 2494 2496
f 2505 2496 2503
f 2503 2496 2498
f 2503 2498 2500
f 2498 2507 2501
f 2501 2507 2523
f 2523 2507 2509
f 2523 2509 2521
f 2521 2509 2511
f 2521 2511 2519
f 2519 2511 2513
f 2519 2513 2516
f 2525 2528 2534
f 2534 2528 2531
f 2535 2532 2540
f 2540 2532 2537
f 2538 2543 2541
f 2541 2543 2551
f 2551 2543 2545
f 2551 2545 2548
f 2549 2546 2556
f 2556 2546 2553
f 2557 2554 2562
f 2562 2554 2559
f 2436 2433 2568
f 2568 2433 2565
f 2569 2566 2297
f 2297 2566 2300
f 2571 2574 2580
f 2580 2574 2577
f 2581 2578 2425
f 2425 2578 2428
f 2479 2583 2482
f 2482 2583 2597
f 2597 2583 2585
f 2597 2585 2595
f 2595 2585 2587
f 2595 2587 2593
f 2593 2587 2589
f 2593 2589 2591
f 2591 2589 2529
f 2591 2529 2526
f 2560 2599 2563
f 2563 2599 2614
f 2614 2599 2601
f 2614 2601 2612
f 2612 2601 2603
f 2612 2603 2610
f 2610 2603 2605
f 2610 2605 2607
f 2605 2616 2608
f 2608 2616 2632
f 2632 2616 2618
f 2632 2618 2630
f 2630 2618 2620
f 2630 2620 2628
f 2628 2620 2622
f 2628 2622 2625
f 2623 2634 2626
f 2626 2634 2657
f 2657 2634 2636
f 2657 2636 2655
f 2655 2636 2638
f 2655 2638 2653
f 2653 2638 2640
f 2653 2640 2651
f 2651 2640 2642
f 2651 2642 2649
f 2649 2642 2644
f 2649 2644 2646
f 2644 2659 2647
f 2647 2659 2670
f 2670 2659 2661
f 2670 2661 2668
f 2668 2661 2663
f 2668 2663 2665
f 2663 2672 2666
f 2666 2672 2694
f 2694 2672 2674
f 2694 2674 2692
f 2692 2674 2676
f 2692 2676 2690
f 2690 2676 2678
f 2690 2678 2688
f 2688 2678 2680
f 2688 2680 2686
f 2686 2680 2682
f 2686 2682 2684
f 2684 2682 2492
f 2684 2492 2489
f 2514 2696 2517
f 2517 2696 2706
f 2706 2696 2698
f 2706 2698 2704
f 2704 2698 2700
f 2704 2700 2702
f 2702 2700 2575
f 2702 2575 2572
f 2322 2319 2341
f 2341 2319 2344
f 2402 2399 2405
f 2405 2399 2408
f 2374 2371 2400
f 2400 2371 2369
f 2400 2369 2713
f 2713 2369 2367
f 2713 2367 2365
f 2365 2363 2713
f 2713 2363 2361
f 2713 2361 2359
f 2359 2357 2713
f 2713 2357 2345
f 2713 2345 2320
f 2357 2355 2345
f 2345 2355 2353
f 2345 2353 2348
f 2713 2320 2712
f 2712 2320 2317
f 2712 2317 2315
f 2315 2313 2712
f 2712 2313 2711
f 2712 2711 2497
f 2497 2711 2499
f 2499 2711 2508
f 2508 2711 2510
f 2510 2711 2512
f 2512 2711 2710
f 2512 2710 2515
f 2515 2710 2697
f 2697 2710 2699
f 2699 2710 2709
f 2699 2709 2701
f 2701 2709 2576
f 2576 2709 2431
f 2576 2431 2429
f 2313 2311 2711
f 2711 2311 2708
f 2711 2708 2709
f 2709 2708 2305
f 2709 2305 2303
f 2311 2309 2708
f 2708 2309 2307
f 2708 2307 2305
f 2303 2301 2709
f 2709 2301 2431
f 2567 2434 2301
f 2301 2434 2431
f 2429 2579 2576
f 2712 2497 2718
f 2718 2497 2495
f 2718 2495 2493
f 2493 2683 2718
f 2718 2683 2681
f 2718 2681 2719
f 2719 2681 2679
f 2719 2679 2677
f 2677 2675 2719
f 2719 2675 2673
f 2719 2673 2715
f 2715 2673 2664
f 2715 2664 2662
f 2662 2660 2715
f 2715 2660 2720
f 2715 2720 2445
f 2445 2720 2447
f 2447 2720 2449
f 2449 2720 2451
f 2451 2720 2721
f 2451 2721 2453
f 2453 2721 2456
f 2456 2721 2475
f 2475 2721 2477
f 2477 2721 2722
f 2477 2722 2480
f 2480 2722 2717
f 2480 2717 2584
f 2584 2717 2586
f 2586 2717 2716
f 2586 2716 2588
f 2588 2716 2590
f 2590 2716 2530
f 2530 2716 2544
f 2530 2544 2539
f 2660 2645 2720
f 2720 2645 2643
f 2720 2643 2641
f 2720 2641 2721
f 2721 2641 2639
f 2721 2639 2637
f 2637 2635 2721
f 2721 2635 2624
f 2721 2624 2722
f 2722 2624 2621
f 2722 2621 2619
f 2619 2617 2722
f 2722 2617 2606
f 2722 2606 2723
f 2723 2606 2604
f 2723 2604 2602
f 2602 2600 2723
f 2723 2600 2544
f 2723 2544 2716
f 2600 2561 2544
f 2544 2561 2547
f 2547 2561 2555
f 2539 2533 2530
f 2445 2443 2715
f 2715 2443 2714
f 2715 2714 2416
f 2416 2714 2441
f 2441 2714 2443
f 2416 2413 2715
f 2715 2413 2411
f 2715 2411 2719
f 2719 2411 2409
f 2719 2409 2713
f 2713 2409 2400
f 2710 2711 2709
f 2719 2713 2712
f 2718 2719 2712
f 2722 2723 2717
f 2717 2723 2716
f 2377 2403 2379
f 2379 2403 2381
f 2381 2403 2727
f 2381 2727 2383
f 2383 2727 2385
f 2385 2727 2387
f 2387 2727 2389
f 2389 2727 2391
f 2391 2727 2393
f 2393 2727 2342
f 2393 2342 2395
f 2395 2342 2397
f 2397 2342 2351
f 2403 2406 2727
f 2727 2406 2737
f 2727 2737 2729
f 2729 2737 2738
f 2729 2738 2504
f 2504 2738 2506
f 2506 2738 2490
f 2490 2738 2685
f 2685 2738 2687
f 2687 2738 2737
f 2687 2737 2689
f 2689 2737 2691
f 2691 2737 2693
f 2693 2737 2695
f 2695 2737 2728
f 2695 2728 2667
f 2667 2728 2669
f 2669 2728 2671
f 2671 2728 2736
f 2671 2736 2648
f 2648 2736 2650
f 2650 2736 2652
f 2652 2736 2735
f 2652 2735 2654
f 2654 2735 2656
f 2656 2735 2658
f 2658 2735 2627
f 2627 2735 2734
f 2627 2734 2629
f 2629 2734 2631
f 2631 2734 2633
f 2633 2734 2609
f 2609 2734 2733
f 2609 2733 2611
f 2611 2733 2613
f 2613 2733 2615
f 2615 2733 2552
f 2615 2552 2564
f 2564 2552 2550
f 2564 2550 2558
f 2406 2423 2737
f 2737 2423 2728
f 2423 2421 2728
f 2728 2421 2419
f 2728 2419 2726
f 2726 2419 2473
f 2726 2473 2471
f 2726 2471 2728
f 2728 2471 2469
f 2728 2469 2736
f 2736 2469 2467
f 2736 2467 2465
f 2465 2463 2736
f 2736 2463 2735
f 2463 2461 2735
f 2735 2461 2459
f 2735 2459 2487
f 2487 2485 2735
f 2735 2485 2734
f 2485 2483 2734
f 2734 2483 2739
f 2734 2739 2724
f 2724 2739 2596
f 2724 2596 2594
f 2483 2598 2739
f 2739 2598 2596
f 2594 2592 2724
f 2724 2592 2527
f 2724 2527 2552
f 2552 2527 2542
f 2542 2527 2536
f 2729 2504 2730
f 2730 2504 2502
f 2730 2502 2524
f 2524 2522 2730
f 2730 2522 2520
f 2730 2520 2725
f 2725 2520 2518
f 2725 2518 2707
f 2707 2705 2725
f 2725 2705 2731
f 2725 2731 2730
f 2730 2731 2732
f 2730 2732 2331
f 2331 2732 2333
f 2333 2732 2335
f 2335 2732 2337
f 2337 2732 2731
f 2337 2731 2339
f 2339 2731 2298
f 2298 2731 2439
f 2298 2439 2437
f 2705 2703 2731
f 2731 2703 2573
f 2731 2573 2439
f 2439 2573 2426
f 2426 2573 2582
f 2437 2570 2298
f 2331 2329 2730
f 2730 2329 2729
f 2329 2327 2729
f 2729 2327 2325
f 2729 2325 2323
f 2729 2323 2727
f 2727 2323 2342
f 2552 2733 2724
f 2724 2733 2734
v -12.989751953125 28.41 82.6895
v -12.989751953125 28.41 82.6895
v -12.989751953125 28.41 82.6895
v -12.989751953125 28.46 82.6895
v -12.989751953125 28.46 82.6895
v -12.989751953125 28.46 82.6895
v -13.299775390625 28.46 81.83771875
v -13.299775390625 28.46 81.83771875
v -13.299775390625 28.46 81.83771875
v -13.299775390625 28.41 81.83771875
v -13.299775390625 28.41 81.83771875
v -13.299775390625 28.41 81.83771875
v -12.4546318359375 28.46 81.5554765625
v -12.4546318359375 28.46 81.5554765625
v -11.5799345703125 28.46 81.3856796875
v -11.5799345703125 28.46 81.3856796875
v -10.690576171875 28.46 81.3312109375
v -10.690576171875 28.46 81.3312109375
v -9.8016953125 28.46 81.3929921875
v -9.8016953125 28.46 81.3929921875
v -8.9284248046875 28.46 81.5699765625
v -8.9284248046875 28.46 81.5699765625
v -8.0856298828125 28.46 81.85915625
v -8.0856298828125 28.46 81.85915625
v -7.287658203125 28.46 82.25559375
v -7.287658203125 28.46 82.25559375
v -6.54809375 28.46 82.7525546875
v -6.54809375 28.46 82.7525546875
v -5.87952734375 28.46 83.341578125
v -5.87952734375 28.46 83.341578125
v -5.29333984375 28.46 84.0126328125
v -5.29333984375 28.46 84.0126328125
v -4.799509765625 28.46 84.7542890625
v -4.799509765625 28.46 84.7542890625
v -4.799509765625 28.46 84.7542890625
v -4.799509765625 28.41 84.7542890625
v -4.799509765625 28.41 84.7542890625
v -4.799509765625 28.41 84.7542890625
v -5.29333984375 28.41 84.0126328125
v -5.29333984375 28.41 84.0126328125
v -5.87952734375 28.41 83.341578125
v -5.87952734375 28.41 83.341578125
v -6.54809375 28.41 82.7525546875
v -6.54809375 28.41 82.7525546875
v -7.287658203125 28.41 82.25559375
v -7.287658203125 28.41 82.25559375
v -8.0856298828125 28.41 81.85915625
v -8.0856298828125 28.41 81.85915625
v -8.9284248046875 28.41 81.5699765625
v -8.9284248046875 28.41 81.5699765625
v -9.8016953125 28.41 81.3929921875
v -9.8016953125 28.41 81.3929921875
v -10.690576171875 28.41 81.3312109375
v -10.690576171875 28.41 81.3312109375
v -11.5799345703125 28.41 81.3856796875
v -11.5799345703125 28.41 81.3856796875
v -12.4546318359375 28.41 81.5554765625
v -12.4546318359375 28.41 81.5554765625
v -5.16353125 28.46 85.173046875
v -5.16353125 28.46 85.173046875
v -5.16353125 28.46 85.173046875
v -5.16353125 28.41 85.173046875
v -5.16353125 28.41 85.173046875
v -5.16353125 28.41 85.173046875
v -46.270578125 28.41 80.316828125
v -46.270578125 28.41 80.316828125
v -46.270578125 28.41 80.316828125
v -46.270578125 28.46 80.316828125
v -46.270578125 28.46 80.316828125
v -46.270578125 28.46 80.316828125
v -40.46879296875 28.46 74.3858046875
v -40.46879296875 28.46 74.3858046875
v -34.6670078125 28.46 68.45478125
v -34.6670078125 28.46 68.45478125
v -34.6670078125 28.46 68.45478125
v -34.6670078125 28.41 68.45478125
v -34.6670078125 28.41 68.45478125
v -34.6670078125 28.41 68.45478125
v -40.46879296875 28.41 74.3858046875
v -40.46879296875 28.41 74.3858046875
v 21.96979296875 28.41 86.195015625
v 21.96979296875 28.41 86.195015625
v 21.96979296875 28.41 86.195015625
v 21.96979296875 28.46 86.195015625
v 21.96979296875 28.46 86.195015625
v 21.96979296875 28.46 86.195015625
v 24.3763671875 28.46 85.6871953125
v 24.3763671875 28.46 85.6871953125
v 26.76183984375 28.46 85.0880390625
v 26.76183984375 28.46 85.0880390625
v 29.122744140625 28.46 84.3983984375
v 29.122744140625 28.46 84.3983984375
v 31.45565234375 28.46 83.6192890625
v 31.45565234375 28.46 83.6192890625
v 33.757171875 28.46 82.7518359375
v 33.757171875 28.46 82.7518359375
v 36.0239609375 28.46 81.797296875
v 36.0239609375 28.46 81.797296875
v 36.0239609375 28.46 81.797296875
v 36.0239609375 28.41 81.797296875
v 36.0239609375 28.41 81.797296875
v 36.0239609375 28.41 81.797296875
v 33.757171875 28.41 82.7518359375
v 33.757171875 28.41 82.7518359375
v 31.45565234375 28.41 83.6192890625
v 31.45565234375 28.41 83.6192890625
v 29.122744140625 28.41 84.3983984375
v 29.122744140625 28.41 84.3983984375
v 26.76183984375 28.41 85.0880390625
v 26.76183984375 28.41 85.0880390625
v 24.3763671875 28.41 85.6871953125
v 24.3763671875 28.41 85.6871953125
v 19.70773046875 28.41 102.9172578125
v 19.70773046875 28.41 102.9172578125
v 19.70773046875 28.41 102.9172578125
v 19.70773046875 28.46 102.9172578125
v 19.70773046875 28.46 102.9172578125
v 19.70773046875 28.46 102.9172578125
v 18.96130078125 28.46 103.01159375
v 18.96130078125 28.46 103.01159375
v 18.21450390625 28.46 103.1029609375
v 18.21450390625 28.46 103.1029609375
v 17.467349609375 28.46 103.191375
v 17.467349609375 28.46 103.191375
v 17.467349609375 28.41 103.191375
v 17.467349609375 28.41 103.191375
v 17.467349609375 28.41 103.191375
v 18.21450390625 28.41 103.1029609375
v 18.21450390625 28.41 103.1029609375
v 18.96130078125 28.41 103.01159375
v 18.96130078125 28.41 103.01159375
v 15.1889814453125 28.46 103.410109375
v 15.1889814453125 28.46 103.410109375
v 12.9036630859375 28.46 103.537125
v 12.9036630859375 28.46 103.537125
v 10.615087890625 28.46 103.5722265625
v 10.615087890625 28.46 103.5722265625
v 8.3269501953125 28.46 103.515359375
v 8.3269501953125 28.46 103.515359375
v 6.042943359375 28.46 103.366609375
v 6.042943359375 28.46 103.366609375
v 6.042943359375 28.46 103.366609375
v 6.042943359375 28.41 103.366609375
v 6.042943359375 28.41 103.366609375
v 6.042943359375 28.41 103.366609375
v 8.3269501953125 28.41 103.515359375
v 8.3269501953125 28.41 103.515359375
v 10.615087890625 28.41 103.5722265625
v 10.615087890625 28.41 103.5722265625
v 12.9036630859375 28.41 103.537125
v 12.9036630859375 28.41 103.537125
v 15.1889814453125 28.41 103.410109375
v 15.1889814453125 28.41 103.410109375
v 3.7817529296875 28.46 103.2124609375
v 3.7817529296875 28.46 103.2124609375
v 1.5246505126953125 28.46 103.006953125
v 1.5246505126953125 28.46 103.006953125
v -0.7271976318359376 28.46 102.7501953125
v -0.7271976318359376 28.46 102.7501953125
v -0.7271976318359376 28.46 102.7501953125
v -0.7271976318359376 28.41 102.7501953125
v -0.7271976318359376 28.41 102.7501953125
v -0.7271976318359376 28.41 102.7501953125
v 1.5246505126953125 28.41 103.006953125
v 1.5246505126953125 28.41 103.006953125
v 3.7817529296875 28.41 103.2124609375
v 3.7817529296875 28.41 103.2124609375
v -3.178962158203125 28.46 102.4127734375
v -3.178962158203125 28.46 102.4127734375
v -5.6168232421875 28.46 101.9863515625
v -5.6168232421875 28.46 101.9863515625
v -8.03755029296875 28.46 101.4714921875
v -8.03755029296875 28.46 101.4714921875
v -10.4379365234375 28.46 100.868875
v -10.4379365234375 28.46 100.868875
v -10.4379365234375 28.41 100.868875
v -10.4379365234375 28.41 100.868875
v -10.4379365234375 28.41 100.868875
v -8.03755029296875 28.41 101.4714921875
v -8.03755029296875 28.41 101.4714921875
v -5.6168232421875 28.41 101.9863515625
v -5.6168232421875 28.41 101.9863515625
v -3.178962158203125 28.41 102.4127734375
v -3.178962158203125 28.41 102.4127734375
v -12.9609599609375 28.46 100.141765625
v -12.9609599609375 28.46 100.141765625
v -15.458748046875 28.46 99.332203125
v -15.458748046875 28.46 99.332203125
v -17.928607421875 28.46 98.4410546875
v -17.928607421875 28.46 98.4410546875
v -17.928607421875 28.46 98.4410546875
v -17.928607421875 28.41 98.4410546875
v -17.928607421875 28.41 98.4410546875
v -17.928607421875 28.41 98.4410546875
v -15.458748046875 28.41 99.332203125
v -15.458748046875 28.41 99.332203125
v -12.9609599609375 28.41 100.141765625
v -12.9609599609375 28.41 100.141765625
v -20.733720703125 28.46 97.2805703125
v -20.733720703125 28.46 97.2805703125
v -23.50341015625 28.46 96.03790625
v -23.50341015625 28.46 96.03790625
v -26.235267578125 28.46 94.714140625
v -26.235267578125 28.46 94.714140625
v -28.926919921875 28.46 93.3104375
v -28.926919921875 28.46 93.3104375
v -28.926919921875 28.41 93.3104375
v -28.926919921875 28.41 93.3104375
v -28.926919921875 28.41 93.3104375
v -26.235267578125 28.41 94.714140625
v -26.235267578125 28.41 94.714140625
v -23.50341015625 28.41 96.03790625
v -23.50341015625 28.41 96.03790625
v -20.733720703125 28.41 97.2805703125
v -20.733720703125 28.41 97.2805703125
v -30.76476171875 28.46 92.264015625
v -30.76476171875 28.46 92.264015625
v -32.55444921875 28.46 91.1372109375
v -32.55444921875 28.46 91.1372109375
v -34.29246875 28.46 89.93225
v -34.29246875 28.46 89.93225
v -34.29246875 28.46 89.93225
v -34.29246875 28.41 89.93225
v -34.29246875 28.41 89.93225
v -34.29246875 28.41 89.93225
v -32.55444921875 28.41 91.1372109375
v -32.55444921875 28.41 91.1372109375
v -30.76476171875 28.41 92.264015625
v -30.76476171875 28.41 92.264015625
v -36.35352734375 28.46 88.4911640625
v -36.35352734375 28.46 88.4911640625
v -38.3578515625 28.46 86.9721640625
v -38.3578515625 28.46 86.9721640625
v -40.30250390625 28.46 85.377484375
v -40.30250390625 28.46 85.377484375
v -40.30250390625 28.41 85.377484375
v -40.30250390625 28.41 85.377484375
v -40.30250390625 28.41 85.377484375
v -38.3578515625 28.41 86.9721640625
v -38.3578515625 28.41 86.9721640625
v -36.35352734375 28.41 88.4911640625
v -36.35352734375 28.41 88.4911640625
v -42.06878125 28.46 83.8447890625
v -42.06878125 28.46 83.8447890625
v -43.80808984375 28.46 82.281546875
v -43.80808984375 28.46 82.281546875
v -45.51989453125 28.46 80.688234375
v -45.51989453125 28.46 80.688234375
v -45.51989453125 28.46 80.688234375
v -45.51989453125 28.41 80.688234375
v -45.51989453125 28.41 80.688234375
v -45.51989453125 28.41 80.688234375
v -43.80808984375 28.41 82.281546875
v -43.80808984375 28.41 82.281546875
v -42.06878125 28.41 83.8447890625
v -42.06878125 28.41 83.8447890625
v 42.7222421875 28.41 96.633796875
v 42.7222421875 28.41 96.633796875
v 42.7222421875 28.41 96.633796875
v 42.7222421875 28.46 96.633796875
v 42.7222421875 28.46 96.633796875
v 42.7222421875 28.46 96.633796875
v 42.6134140625 28.46 96.4466875
v 42.6134140625 28.46 96.4466875
v 42.6134140625 28.46 96.4466875
v 42.6134140625 28.41 96.4466875
v 42.6134140625 28.41 96.4466875
v 42.6134140625 28.41 96.4466875
v 35.93125 28.41 81.5990546875
v 35.93125 28.41 81.5990546875
v 35.93125 28.41 81.5990546875
v 35.93125 28.46 81.5990546875
v 35.93125 28.46 81.5990546875
v 35.93125 28.46 81.5990546875
v 36.60794140625 28.46 81.2385
v 36.60794140625 28.46 81.2385
v 36.60794140625 28.46 81.2385
v 36.60794140625 28.41 81.2385
v 36.60794140625 28.41 81.2385
v 36.60794140625 28.41 81.2385
v 36.692796875 28.46 81.40046875
v 36.692796875 28.46 81.40046875
v 36.7609921875 28.46 81.5353359375
v 36.7609921875 28.46 81.5353359375
v 36.85852734375 28.46 81.738171875
v 36.85852734375 28.46 81.738171875
v 36.92175390625 28.46 81.873609375
v 36.92175390625 28.46 81.873609375
v 36.970734375 28.46 81.976453125
v 36.970734375 28.46 81.976453125
v 37.0721015625 28.46 82.1873046875
v 37.0721015625 28.46 82.1873046875
v 37.1913125 28.46 82.4401484375
v 37.1913125 28.46 82.4401484375
v 37.40473828125 28.46 82.9085859375
v 37.40473828125 28.46 82.9085859375
v 37.59614453125 28.46 83.3309375
v 37.59614453125 28.46 83.3309375
v 37.80912890625 28.46 83.7979609375
v 37.80912890625 28.46 83.7979609375
v 37.9958515625 28.46 84.2017421875
v 37.9958515625 28.46 84.2017421875
v 38.09526171875 28.46 84.419140625
v 38.09526171875 28.46 84.419140625
v 38.21484375 28.46 84.6795078125
v 38.21484375 28.46 84.6795078125
v 38.33402734375 28.46 84.9391015625
v 38.33402734375 28.46 84.9391015625
v 38.4347734375 28.46 85.1605
v 38.4347734375 28.46 85.1605
v 38.6110625 28.46 85.5513125
v 38.6110625 28.46 85.5513125
v 38.69631640625 28.46 85.73896875
v 38.69631640625 28.46 85.73896875
v 38.80215625 28.46 85.9711953125
v 38.80215625 28.46 85.9711953125
v 39.03959765625 28.46 86.492890625
v 39.03959765625 28.46 86.492890625
v 39.2527265625 28.46 86.9622265625
v 39.2527265625 28.46 86.9622265625
v 39.47715234375 28.46 87.4553984375
v 39.47715234375 28.46 87.4553984375
v 39.5638359375 28.46 87.640984375
v 39.5638359375 28.46 87.640984375
v 39.637984375 28.46 87.8007265625
v 39.637984375 28.46 87.8007265625
v 39.8667109375 28.46 88.3039765625
v 39.8667109375 28.46 88.3039765625
v 39.93765625 28.46 88.4543984375
v 39.93765625 28.46 88.4543984375
v 40.03410546875 28.46 88.6653984375
v 40.03410546875 28.46 88.6653984375
v 40.26147265625 28.46 89.1680234375
v 40.26147265625 28.46 89.1680234375
v 40.353546875 28.46 89.3700703125
v 40.353546875 28.46 89.3700703125
v 40.46083984375 28.46 89.6033515625
v 40.46083984375 28.46 89.6033515625
v 40.678046875 28.46 90.0774140625
v 40.678046875 28.46 90.0774140625
v 40.877234375 28.46 90.516140625
v 40.877234375 28.46 90.516140625
v 41.08529296875 28.46 90.9708515625
v 41.08529296875 28.46 90.9708515625
v 41.3026796875 28.46 91.4449375
v 41.3026796875 28.46 91.4449375
v 41.68858984375 28.46 92.289203125
v 41.68858984375 28.46 92.289203125
v 41.8746171875 28.46 92.69734375
v 41.8746171875 28.46 92.69734375
v 42.10358984375 28.46 93.194984375
v 42.10358984375 28.46 93.194984375
v 42.2043828125 28.46 93.41615625
v 42.2043828125 28.46 93.41615625
v 42.32541796875 28.46 93.68271875
v 42.32541796875 28.46 93.68271875
v 42.4510390625 28.46 93.959421875
v 42.4510390625 28.46 93.959421875
v 42.5349375 28.46 94.1437890625
v 42.5349375 28.46 94.1437890625
v 42.60387109375 28.46 94.2929453125
v 42.60387109375 28.46 94.2929453125
v 42.69670703125 28.46 94.49409375
v 42.69670703125 28.46 94.49409375
v 42.9308359375 28.46 95.0089609375
v 42.9308359375 28.46 95.0089609375
v 43.13668359375 28.46 95.4641484375
v 43.13668359375 28.46 95.4641484375
v 43.26140234375 28.46 95.7503359375
v 43.26140234375 28.46 95.7503359375
v 43.35071484375 28.46 95.957265625
v 43.35071484375 28.46 95.957265625
v 43.4784296875 28.46 96.251046875
v 43.4784296875 28.46 96.251046875
v 43.4784296875 28.46 96.251046875
v 43.4784296875 28.41 96.251046875
v 43.4784296875 28.41 96.251046875
v 43.4784296875 28.41 96.251046875
v 43.35071484375 28.41 95.957265625
v 43.35071484375 28.41 95.957265625
v 43.26140234375 28.41 95.7503359375
v 43.26140234375 28.41 95.7503359375
v 43.13668359375 28.41 95.4641484375
v 43.13668359375 28.41 95.4641484375
v 42.9308359375 28.41 95.0089609375
v 42.9308359375 28.41 95.0089609375
v 42.69670703125 28.41 94.49409375
v 42.69670703125 28.41 94.49409375
v 42.60387109375 28.41 94.2929453125
v 42.60387109375 28.41 94.2929453125
v 42.5349375 28.41 94.1437890625
v 42.5349375 28.41 94.1437890625
v 42.4510390625 28.41 93.959421875
v 42.4510390625 28.41 93.959421875
v 42.32541796875 28.41 93.68271875
v 42.32541796875 28.41 93.68271875
v 42.2043828125 28.41 93.41615625
v 42.2043828125 28.41 93.41615625
v 42.10358984375 28.41 93.194984375
v 42.10358984375 28.41 93.194984375
v 41.8746171875 28.41 92.69734375
v 41.8746171875 28.41 92.69734375
v 41.68858984375 28.41 92.289203125
v 41.68858984375 28.41 92.289203125
v 41.3026796875 28.41 91.4449375
v 41.3026796875 28.41 91.4449375
v 41.08529296875 28.41 90.9708515625
v 41.08529296875 28.41 90.9708515625
v 40.877234375 28.41 90.516140625
v 40.877234375 28.41 90.516140625
v 40.678046875 28.41 90.0774140625
v 40.678046875 28.41 90.0774140625
v 40.46083984375 28.41 89.6033515625
v 40.46083984375 28.41 89.6033515625
v 40.353546875 28.41 89.3700703125
v 40.353546875 28.41 89.3700703125
v 40.26147265625 28.41 89.1680234375
v 40.26147265625 28.41 89.1680234375
v 40.03410546875 28.41 88.6653984375
v 40.03410546875 28.41 88.6653984375
v 39.93765625 28.41 88.4543984375
v 39.93765625 28.41 88.4543984375
v 39.8667109375 28.41 88.3039765625
v 39.8667109375 28.41 88.3039765625
v 39.637984375 28.41 87.8007265625
v 39.637984375 28.41 87.8007265625
v 39.5638359375 28.41 87.640984375
v 39.5638359375 28.41 87.640984375
v 39.47715234375 28.41 87.4553984375
v 39.47715234375 28.41 87.4553984375
v 39.2527265625 28.41 86.9622265625
v 39.2527265625 28.41 86.9622265625
v 39.03959765625 28.41 86.492890625
v 39.03959765625 28.41 86.492890625
v 38.80215625 28.41 85.9711953125
v 38.80215625 28.41 85.9711953125
v 38.69631640625 28.41 85.73896875
v 38.69631640625 28.41 85.73896875
v 38.6110625 28.41 85.5513125
v 38.6110625 28.41 85.5513125
v 38.4347734375 28.41 85.1605
v 38.4347734375 28.41 85.1605
v 38.33402734375 28.41 84.9391015625
v 38.33402734375 28.41 84.9391015625
v 38.21484375 28.41 84.6795078125
v 38.21484375 28.41 84.6795078125
v 38.09526171875 28.41 84.419140625
v 38.09526171875 28.41 84.419140625
v 37.9958515625 28.41 84.2017421875
v 37.9958515625 28.41 84.2017421875
v 37.80912890625 28.41 83.7979609375
v 37.80912890625 28.41 83.7979609375
v 37.59614453125 28.41 83.3309375
v 37.59614453125 28.41 83.3309375
v 37.40473828125 28.41 82.9085859375
v 37.40473828125 28.41 82.9085859375
v 37.1913125 28.41 82.4401484375
v 37.1913125 28.41 82.4401484375
v 37.0721015625 28.41 82.1873046875
v 37.0721015625 28.41 82.1873046875
v 36.970734375 28.41 81.976453125
v 36.970734375 28.41 81.976453125
v 36.92175390625 28.41 81.873609375
v 36.92175390625 28.41 81.873609375
v 36.85852734375 28.41 81.738171875
v 36.85852734375 28.41 81.738171875
v 36.7609921875 28.41 81.5353359375
v 36.7609921875 28.41 81.5353359375
v 36.692796875 28.41 81.40046875
v 36.692796875 28.41 81.40046875
v -45.70458984375 28.46 80.885265625
v -45.70458984375 28.46 80.885265625
v -45.70458984375 28.46 80.885265625
v -45.70458984375 28.41 80.885265625
v -45.70458984375 28.41 80.885265625
v -45.70458984375 28.41 80.885265625
v -34.01860546875 28.41 69.028515625
v -34.01860546875 28.41 69.028515625
v -34.01860546875 28.41 69.028515625
v -34.01860546875 28.46 69.028515625
v -34.01860546875 28.46 69.028515625
v -34.01860546875 28.46 69.028515625
v -34.2234921875 28.46 69.261421875
v -34.2234921875 28.46 69.261421875
v -34.2234921875 28.46 69.261421875
v -34.2234921875 28.41 69.261421875
v -34.2234921875 28.41 69.261421875
v -34.2234921875 28.41 69.261421875
v -45.89388671875 28.46 80.696421875
v -45.89388671875 28.46 80.696421875
v -46.08255078125 28.46 80.5069375
v -46.08255078125 28.46 80.5069375
v -46.08255078125 28.41 80.5069375
v -46.08255078125 28.41 80.5069375
v -45.89388671875 28.41 80.696421875
v -45.89388671875 28.41 80.696421875
v -32.680751953125 28.46 70.7421015625
v -32.680751953125 28.46 70.7421015625
v -31.08655078125 28.46 72.167234375
v -31.08655078125 28.46 72.167234375
v -29.442888671875 28.46 73.535015625
v -29.442888671875 28.46 73.535015625
v -27.75182421875 28.46 74.84375
v -27.75182421875 28.46 74.84375
v -27.75182421875 28.41 74.84375
v -27.75182421875 28.41 74.84375
v -27.75182421875 28.41 74.84375
v -29.442888671875 28.41 73.535015625
v -29.442888671875 28.41 73.535015625
v -31.08655078125 28.41 72.167234375
v -31.08655078125 28.41 72.167234375
v -32.680751953125 28.41 70.7421015625
v -32.680751953125 28.41 70.7421015625
v -25.809798828125 28.46 76.23259375
v -25.809798828125 28.46 76.23259375
v -23.8135390625 28.46 77.54228125
v -23.8135390625 28.46 77.54228125
v -21.766265625 28.46 78.770703125
v -21.766265625 28.46 78.770703125
v -19.6712890625 28.46 79.915875
v -19.6712890625 28.46 79.915875
v -17.53198828125 28.46 80.9759375
v -17.53198828125 28.46 80.9759375
v -15.351822265625 28.46 81.9491953125
v -15.351822265625 28.46 81.9491953125
v -13.134310546875 28.46 82.8340546875
v -13.134310546875 28.46 82.8340546875
v -13.134310546875 28.46 82.8340546875
v -13.134310546875 28.41 82.8340546875
v -13.134310546875 28.41 82.8340546875
v -13.134310546875 28.41 82.8340546875
v -15.351822265625 28.41 81.9491953125
v -15.351822265625 28.41 81.9491953125
v -17.53198828125 28.41 80.9759375
v -17.53198828125 28.41 80.9759375
v -19.6712890625 28.41 79.915875
v -19.6712890625 28.41 79.915875
v -21.766265625 28.41 78.770703125
v -21.766265625 28.41 78.770703125
v -23.8135390625 28.41 77.54228125
v -23.8135390625 28.41 77.54228125
v -25.809798828125 28.41 76.23259375
v -25.809798828125 28.41 76.23259375
v -5.093609375 28.41 85.434
v -5.093609375 28.41 85.434
v -5.093609375 28.41 85.434
v -5.093609375 28.46 85.434
v -5.093609375 28.46 85.434
v -5.093609375 28.46 85.434
v -2.90502392578125 28.46 85.9965078125
v -2.90502392578125 28.46 85.9965078125
v -0.69354736328125 28.46 86.4609296875
v -0.69354736328125 28.46 86.4609296875
v 1.536427001953125 28.46 86.8263515625
v 1.536427001953125 28.46 86.8263515625
v 1.536427001953125 28.41 86.8263515625
v 1.536427001953125 28.41 86.8263515625
v 1.536427001953125 28.41 86.8263515625
v -0.69354736328125 28.41 86.4609296875
v -0.69354736328125 28.41 86.4609296875
v -2.90502392578125 28.41 85.9965078125
v -2.90502392578125 28.41 85.9965078125
v 3.99712109375 28.46 87.1185546875
v 3.99712109375 28.46 87.1185546875
v 6.46826611328125 28.46 87.3025078125
v 6.46826611328125 28.46 87.3025078125
v 8.9451025390625 28.46 87.3778671875
v 8.9451025390625 28.46 87.3778671875
v 11.422859375 28.46 87.3444765625
v 11.422859375 28.46 87.3444765625
v 11.422859375 28.46 87.3444765625
v 11.422859375 28.41 87.3444765625
v 11.422859375 28.41 87.3444765625
v 11.422859375 28.41 87.3444765625
v 8.9451025390625 28.41 87.3778671875
v 8.9451025390625 28.41 87.3778671875
v 6.46826611328125 28.41 87.3025078125
v 6.46826611328125 28.41 87.3025078125
v 3.99712109375 28.41 87.1185546875
v 3.99712109375 28.41 87.1185546875
v 13.5489599609375 28.46 87.3095625
v 13.5489599609375 28.46 87.3095625
v 15.671197265625 28.46 87.1767734375
v 15.671197265625 28.46 87.1767734375
v 17.785068359375 28.46 86.946390625
v 17.785068359375 28.46 86.946390625
v 19.8860859375 28.46 86.61890625
v 19.8860859375 28.46 86.61890625
v 19.8860859375 28.41 86.61890625
v 19.8860859375 28.41 86.61890625
v 17.785068359375 28.41 86.946390625
v 17.785068359375 28.41 86.946390625
v 15.671197265625 28.41 87.1767734375
v 15.671197265625 28.41 87.1767734375
v 13.5489599609375 28.41 87.3095625
v 13.5489599609375 28.41 87.3095625
v 40.1895234375 28.46 97.5141484375
v 40.1895234375 28.46 97.5141484375
v 37.7328359375 28.46 98.5037890625
v 37.7328359375 28.46 98.5037890625
v 35.24584765625 28.46 99.414609375
v 35.24584765625 28.46 99.414609375
v 32.731087890625 28.46 100.2456796875
v 32.731087890625 28.46 100.2456796875
v 30.19111328125 28.46 100.9961640625
v 30.19111328125 28.46 100.9961640625
v 30.19111328125 28.46 100.9961640625
v 30.19111328125 28.41 100.9961640625
v 30.19111328125 28.41 100.9961640625
v 30.19111328125 28.41 100.9961640625
v 32.731087890625 28.41 100.2456796875
v 32.731087890625 28.41 100.2456796875
v 35.24584765625 28.41 99.414609375
v 35.24584765625 28.41 99.414609375
v 37.7328359375 28.41 98.5037890625
v 37.7328359375 28.41 98.5037890625
v 40.1895234375 28.41 97.5141484375
v 40.1895234375 28.41 97.5141484375
v 27.590498046875 28.46 101.5815390625
v 27.590498046875 28.46 101.5815390625
v 24.97514453125 28.46 102.0970859375
v 24.97514453125 28.46 102.0970859375
v 22.346927734375 28.46 102.5424296875
v 22.346927734375 28.46 102.5424296875
v 22.346927734375 28.41 102.5424296875
v 22.346927734375 28.41 102.5424296875
v 24.97514453125 28.41 102.0970859375
v 24.97514453125 28.41 102.0970859375
v 27.590498046875 28.41 101.5815390625
v 27.590498046875 28.41 101.5815390625
v 42.98178515625 28.46 96.52253125
v 42.98178515625 28.46 96.52253125
v 43.2360625 28.46 96.399703125
v 43.2360625 28.46 96.399703125
v 43.48455078125 28.46 96.265546875
v 43.48455078125 28.46 96.265546875
v 43.48455078125 28.46 96.265546875
v 34.5090390625 28.46 94.7833828125
v -28.31955078125 28.46 77.234140625
v -37.2950625 28.46 77.234140625
v -37.2950625 28.46 86.01246875
v -28.31955078125 28.46 86.0083046875
v -19.3440390625 28.46 86.0041328125
v -10.368525390625 28.46 85.99996875
v 34.5090390625 28.46 85.9825703125
v -19.3440390625 28.46 94.722
v -10.368525390625 28.46 94.7322265625
v -1.39301318359375 28.46 94.7424609375
v 7.58249951171875 28.46 94.7526875
v 16.55801171875 28.46 94.762921875
v 25.533525390625 28.46 94.7731484375
v 25.533525390625 28.46 86.00634375
v 43.48455078125 28.41 96.265546875
v 43.48455078125 28.41 96.265546875
v 43.48455078125 28.41 96.265546875
v 43.2360625 28.41 96.399703125
v 43.2360625 28.41 96.399703125
v 42.98178515625 28.41 96.52253125
v 42.98178515625 28.41 96.52253125
v 25.533525390625 28.41 86.00634375
v -37.2950625 28.41 86.01246875
v -10.368525390625 28.41 85.99996875
v -19.3440390625 28.41 86.0041328125
v -28.31955078125 28.41 86.0083046875
v -37.2950625 28.41 77.234140625
v -28.31955078125 28.41 77.234140625
v 34.5090390625 28.41 94.7833828125
v 25.533525390625 28.41 94.7731484375
v 16.55801171875 28.41 94.762921875
v 7.58249951171875 28.41 94.7526875
v -1.39301318359375 28.41 94.7424609375
v -10.368525390625 28.41 94.7322265625
v -19.3440390625 28.41 94.722
v 34.5090390625 28.41 85.9825703125
f 2740 2743 2749
f 2749 2743 2746
f 2747 2752 2750
f 2750 2752 2796
f 2796 2752 2754
f 2796 2754 2794
f 2794 2754 2756
f 2794 2756 2792
f 2792 2756 2758
f 2792 2758 2790
f 2790 2758 2760
f 2790 2760 2788
f 2788 2760 2762
f 2788 2762 2786
f 2786 2762 2764
f 2786 2764 2784
f 2784 2764 2766
f 2784 2766 2782
f 2782 2766 2768
f 2782 2768 2780
f 2780 2768 2770
f 2780 2770 2778
f 2778 2770 2772
f 2778 2772 2775
f 2776 2773 2801
f 2801 2773 2798
f 2807 2810 2804
f 2804 2810 2818
f 2818 2810 2812
f 2818 2812 2815
f 2823 2826 2820
f 2820 2826 2850
f 2850 2826 2828
f 2850 2828 2848
f 2848 2828 2830
f 2848 2830 2846
f 2846 2830 2832
f 2846 2832 2844
f 2844 2832 2834
f 2844 2834 2842
f 2842 2834 2836
f 2842 2836 2839
f 2852 2855 2869
f 2869 2855 2858
f 2869 2858 2867
f 2867 2858 2860
f 2867 2860 2864
f 2864 2860 2862
f 2862 2871 2865
f 2865 2871 2891
f 2891 2871 2873
f 2891 2873 2889
f 2889 2873 2875
f 2889 2875 2887
f 2887 2875 2877
f 2887 2877 2885
f 2885 2877 2879
f 2885 2879 2882
f 2880 2893 2883
f 2883 2893 2905
f 2905 2893 2895
f 2905 2895 2903
f 2903 2895 2897
f 2903 2897 2900
f 2898 2907 2901
f 2901 2907 2922
f 2922 2907 2909
f 2922 2909 2920
f 2920 2909 2911
f 2920 2911 2918
f 2918 2911 2913
f 2918 2913 2915
f 2913 2924 2916
f 2916 2924 2936
f 2936 2924 2926
f 2936 2926 2934
f 2934 2926 2928
f 2934 2928 2931
f 2929 2938 2932
f 2932 2938 2953
f 2953 2938 2940
f 2953 2940 2951
f 2951 2940 2942
f 2951 2942 2949
f 2949 2942 2944
f 2949 2944 2946
f 2944 2955 2947
f 2947 2955 2967
f 2967 2955 2957
f 2967 2957 2965
f 2965 2957 2959
f 2965 2959 2962
f 2960 2969 2963
f 2963 2969 2980
f 2980 2969 2971
f 2980 2971 2978
f 2978 2971 2973
f 2978 2973 2975
f 2973 2982 2976
f 2976 2982 2994
f 2994 2982 2984
f 2994 2984 2992
f 2992 2984 2986
f 2992 2986 2989
f 2996 2999 3005
f 3005 2999 3002
f 3008 3011 3017
f 3017 3011 3014
f 3015 3020 3018
f 3018 3020 3208
f 3208 3020 3022
f 3208 3022 3206
f 3206 3022 3024
f 3206 3024 3204
f 3204 3024 3026
f 3204 3026 3202
f 3202 3026 3028
f 3202 3028 3200
f 3200 3028 3030
f 3200 3030 3198
f 3198 3030 3032
f 3198 3032 3196
f 3196 3032 3034
f 3196 3034 3194
f 3194 3034 3036
f 3194 3036 3192
f 3192 3036 3038
f 3192 3038 3190
f 3190 3038 3040
f 3190 3040 3188
f 3188 3040 3042
f 3188 3042 3186
f 3186 3042 3044
f 3186 3044 3184
f 3184 3044 3046
f 3184 3046 3182
f 3182 3046 3048
f 3182 3048 3180
f 3180 3048 3050
f 3180 3050 3178
f 3178 3050 3052
f 3178 3052 3176
f 3176 3052 3054
f 3176 3054 3174
f 3174 3054 3056
f 3174 3056 3172
f 3172 3056 3058
f 3172 3058 3170
f 3170 3058 3060
f 3170 3060 3168
f 3168 3060 3062
f 3168 3062 3166
f 3166 3062 3064
f 3166 3064 3164
f 3164 3064 3066
f 3164 3066 3162
f 3162 3066 3068
f 3162 3068 3160
f 3160 3068 3070
f 3160 3070 3158
f 3158 3070 3072
f 3158 3072 3156
f 3156 3072 3074
f 3156 3074 3154
f 3154 3074 3076
f 3154 3076 3152
f 3152 3076 3078
f 3152 3078 3150
f 3150 3078 3080
f 3150 3080 3148
f 3148 3080 3082
f 3148 3082 3146
f 3146 3082 3084
f 3146 3084 3144
f 3144 3084 3086
f 3144 3086 3142
f 3142 3086 3088
f 3142 3088 3140
f 3140 3088 3090
f 3140 3090 3138
f 3138 3090 3136
f 3136 3090 3092
f 3136 3092 3134
f 3134 3092 3094
f 3134 3094 3096
f 3134 3096 3132
f 3132 3096 3098
f 3132 3098 3130
f 3130 3098 3100
f 3130 3100 3128
f 3128 3100 3102
f 3128 3102 3126
f 3126 3102 3104
f 3126 3104 3124
f 3124 3104 3106
f 3124 3106 3122
f 3122 3106 3108
f 3122 3108 3120
f 3120 3108 3110
f 3120 3110 3118
f 3118 3110 3112
f 3118 3112 3115
f 2990 2987 3213
f 3213 2987 3210
f 3216 3219 3225
f 3225 3219 3222
f 3214 3211 3234
f 3234 3211 3228
f 3234 3228 3232
f 3232 3228 3230
f 3232 3230 2805
f 2805 3230 2808
f 3223 3236 3226
f 3226 3236 3251
f 3251 3236 3238
f 3251 3238 3249
f 3249 3238 3240
f 3249 3240 3247
f 3247 3240 3242
f 3247 3242 3244
f 3242 3253 3245
f 3245 3253 3281
f 3281 3253 3255
f 3281 3255 3279
f 3279 3255 3257
f 3279 3257 3277
f 3277 3257 3259
f 3277 3259 3275
f 3275 3259 3261
f 3275 3261 3273
f 3273 3261 3263
f 3273 3263 3271
f 3271 3263 3265
f 3271 3265 3268
f 3286 3289 3283
f 3283 3289 3300
f 3300 3289 3291
f 3300 3291 3298
f 3298 3291 3293
f 3298 3293 3295
f 3293 3302 3296
f 3296 3302 3318
f 3318 3302 3304
f 3318 3304 3316
f 3316 3304 3306
f 3316 3306 3314
f 3314 3306 3308
f 3314 3308 3311
f 3309 3320 3312
f 3312 3320 3334
f 3334 3320 3322
f 3334 3322 3332
f 3332 3322 3324
f 3332 3324 3330
f 3330 3324 3326
f 3330 3326 3328
f 3328 3326 2824
f 3328 2824 2821
f 3003 3336 3006
f 3006 3336 3356
f 3356 3336 3338
f 3356 3338 3354
f 3354 3338 3340
f 3354 3340 3352
f 3352 3340 3342
f 3352 3342 3350
f 3350 3342 3344
f 3350 3344 3347
f 3345 3358 3348
f 3348 3358 3368
f 3368 3358 3360
f 3368 3360 3366
f 3366 3360 3362
f 3366 3362 3364
f 3364 3362 2856
f 3364 2856 2853
f 2774 2771 2799
f 2799 2771 2769
f 2799 2769 3383
f 3383 2769 2767
f 3383 2767 2765
f 2765 2763 3383
f 3383 2763 2761
f 3383 2761 2759
f 2759 2757 3383
f 3383 2757 2744
f 3383 2744 3266
f 2757 2755 2744
f 2744 2755 2753
f 2744 2753 2748
f 3383 3266 3382
f 3382 3266 3264
f 3382 3264 3262
f 3262 3260 3382
f 3382 3260 3258
f 3382 3258 3381
f 3381 3258 3256
f 3381 3256 3378
f 3378 3256 3254
f 3378 3254 3243
f 3243 3241 3378
f 3378 3241 3379
f 3378 3379 3381
f 3381 3379 3380
f 3381 3380 2970
f 2970 3380 2972
f 2972 3380 2974
f 2974 3380 3379
f 2974 3379 2983
f 2983 3379 2985
f 2985 3379 2811
f 2985 2811 2988
f 2988 2811 2809
f 2988 2809 3231
f 3241 3239 3379
f 3379 3239 3237
f 3379 3237 2811
f 2811 3237 3224
f 2811 3224 2813
f 2813 3224 3220
f 3231 3229 2988
f 2988 3229 3212
f 2970 2961 3381
f 3381 2961 2958
f 3381 2958 2956
f 2956 2945 3381
f 3381 2945 2943
f 3381 2943 3382
f 3382 2943 3385
f 3382 3385 3383
f 3383 3385 3386
f 3383 3386 3290
f 3290 3386 3387
f 3290 3387 3292
f 3292 3387 3294
f 3294 3387 3303
f 3303 3387 3388
f 3303 3388 3305
f 3305 3388 3307
f 3307 3388 3310
f 3310 3388 3389
f 3310 3389 3321
f 3321 3389 3323
f 3323 3389 3325
f 3325 3389 3327
f 3327 3389 3390
f 3327 3390 2825
f 2825 3390 3391
f 2825 3391 2827
f 2827 3391 2829
f 2829 3391 3377
f 2829 3377 2831
f 2831 3377 3384
f 2831 3384 2833
f 2833 3384 2835
f 2835 3384 3037
f 2835 3037 3035
f 2943 2941 3385
f 3385 2941 2939
f 3385 2939 2930
f 2930 2927 3385
f 3385 2927 3386
f 2927 2925 3386
f 3386 2925 2914
f 3386 2914 2912
f 3386 2912 3387
f 3387 2912 2910
f 3387 2910 2908
f 2908 2899 3387
f 3387 2899 2896
f 3387 2896 3388
f 3388 2896 2894
f 3388 2894 2881
f 2881 2878 3388
f 3388 2878 2876
f 3388 2876 2874
f 3388 2874 3389
f 3389 2874 2872
f 3389 2872 2863
f 2863 2861 3389
f 3389 2861 2859
f 3389 2859 2857
f 2857 3363 3389
f 3389 3363 3390
f 3363 3361 3390
f 3390 3361 3359
f 3390 3359 3346
f 3346 3343 3390
f 3390 3343 3377
f 3390 3377 3391
f 3343 3341 3377
f 3377 3341 3339
f 3377 3339 3337
f 3004 3103 3337
f 3337 3103 3101
f 3337 3101 3099
f 3000 3370 3004
f 3004 3370 3111
f 3004 3111 3109
f 3370 3372 3111
f 3111 3372 3113
f 3113 3372 3374
f 3109 3107 3004
f 3004 3107 3105
f 3004 3105 3103
f 3099 3097 3337
f 3337 3097 3095
f 3337 3095 3093
f 3093 3091 3337
f 3337 3091 3089
f 3337 3089 3377
f 3377 3089 3087
f 3377 3087 3085
f 3085 3083 3377
f 3377 3083 3081
f 3377 3081 3079
f 3079 3077 3377
f 3377 3077 3075
f 3377 3075 3073
f 3073 3071 3377
f 3377 3071 3069
f 3377 3069 3384
f 3384 3069 3067
f 3384 3067 3065
f 3065 3063 3384
f 3384 3063 3061
f 3384 3061 3059
f 3059 3057 3384
f 3384 3057 3055
f 3384 3055 3053
f 3053 3051 3384
f 3384 3051 3049
f 3384 3049 3047
f 3047 3045 3384
f 3384 3045 3043
f 3384 3043 3041
f 3041 3039 3384
f 3384 3039 3037
f 2835 3035 2837
f 2837 3035 3033
f 2837 3033 3031
f 3031 3029 2837
f 2837 3029 3027
f 2837 3027 3025
f 3025 3023 2837
f 2837 3023 3021
f 2837 3021 3012
f 3012 3021 3016
f 3290 3287 3383
f 3383 3287 2799
f 2777 2802 2779
f 2779 2802 2781
f 2781 2802 3401
f 2781 3401 2783
f 2783 3401 2785
f 2785 3401 2787
f 2787 3401 2789
f 2789 3401 2791
f 2791 3401 2793
f 2793 3401 2741
f 2793 2741 2795
f 2795 2741 2797
f 2797 2741 2751
f 2802 3284 3401
f 3401 3284 3301
f 3401 3301 3411
f 3411 3301 3410
f 3411 3410 2919
f 2919 3410 2921
f 2921 3410 2923
f 2923 3410 2902
f 2902 3410 2904
f 2904 3410 3409
f 2904 3409 2906
f 2906 3409 2884
f 2884 3409 2886
f 2886 3409 2888
f 2888 3409 2890
f 2890 3409 3408
f 2890 3408 2892
f 2892 3408 2866
f 2866 3408 2868
f 2868 3408 2870
f 2870 3408 2854
f 2854 3408 3365
f 3365 3408 3407
f 3365 3407 3367
f 3367 3407 3369
f 3369 3407 3349
f 3349 3407 3351
f 3351 3407 3406
f 3351 3406 3353
f 3353 3406 3355
f 3355 3406 3357
f 3357 3406 3141
f 3357 3141 3139
f 3301 3299 3410
f 3410 3299 3297
f 3410 3297 3319
f 3410 3319 3409
f 3409 3319 3317
f 3409 3317 3315
f 3315 3313 3409
f 3409 3313 3408
f 3313 3335 3408
f 3408 3335 3333
f 3408 3333 3331
f 3331 3329 3408
f 3408 3329 3407
f 3329 2822 3407
f 3407 2822 3399
f 3407 3399 3406
f 3406 3399 2849
f 3406 2849 2847
f 2822 2851 3399
f 3399 2851 2849
f 3406 2847 3413
f 3413 2847 2845
f 3413 2845 2843
f 2843 2840 3413
f 3413 2840 3195
f 3413 3195 3193
f 3009 3209 2840
f 2840 3209 3207
f 2840 3207 3205
f 3009 3019 3209
f 3205 3203 2840
f 2840 3203 3201
f 2840 3201 3199
f 3199 3197 2840
f 2840 3197 3195
f 3193 3191 3413
f 3413 3191 3189
f 3413 3189 3187
f 3187 3185 3413
f 3413 3185 3183
f 3413 3183 3181
f 3181 3179 3413
f 3413 3179 3177
f 3413 3177 3175
f 3175 3173 3413
f 3413 3173 3171
f 3413 3171 3169
f 3169 3167 3413
f 3413 3167 3165
f 3413 3165 3163
f 3163 3161 3413
f 3413 3161 3406
f 3161 3159 3406
f 3406 3159 3157
f 3406 3157 3155
f 3155 3153 3406
f 3406 3153 3151
f 3406 3151 3149
f 3149 3147 3406
f 3406 3147 3145
f 3406 3145 3143
f 3143 3141 3406
f 3139 3137 3357
f 3357 3137 3135
f 3357 3135 3133
f 3133 3131 3357
f 3357 3131 3129
f 3357 3129 3127
f 3357 3127 3007
f 3007 3127 3125
f 3007 3125 3123
f 3123 3121 3007
f 3007 3121 3119
f 3007 3119 3397
f 3397 3119 3395
f 3395 3119 3116
f 3395 3116 3392
f 3397 2997 3007
f 2919 2917 3411
f 3411 2917 2937
f 3411 2937 2935
f 3411 2935 3412
f 3412 2935 2933
f 3412 2933 2954
f 2954 2952 3412
f 3412 2952 2950
f 3412 2950 3402
f 3402 2950 3403
f 3402 3403 3278
f 3278 3403 3280
f 3280 3403 3405
f 3280 3405 3282
f 3282 3405 3246
f 3246 3405 3248
f 3248 3405 3404
f 3248 3404 3250
f 3250 3404 3252
f 3252 3404 2819
f 3252 2819 3227
f 3227 2819 2816
f 3227 2816 3217
f 2950 2948 3403
f 3403 2948 2968
f 3403 2968 2966
f 2966 2964 3403
f 3403 2964 2981
f 3403 2981 3400
f 3400 2981 2979
f 3400 2979 2977
f 3400 2977 3404
f 3404 2977 2995
f 3404 2995 2993
f 3404 2993 2819
f 2819 2993 2991
f 2819 2991 2806
f 2806 2991 3233
f 3233 2991 3235
f 3235 2991 3215
f 3278 3276 3402
f 3402 3276 3274
f 3402 3274 3272
f 3272 3269 3402
f 3402 3269 3401
f 3402 3401 3412
f 3412 3401 3411
f 3269 2741 3401
f 3405 3403 3404
f 3404 3403 3400
f 2841 2838 3010
f 3010 2838 3013
f 3117 3114 3393
f 3393 3114 3375
f 3394 3376 3396
f 3396 3376 3373
f 3396 3373 3398
f 3398 3373 3371
f 3398 3371 2998
f 2998 3371 3001
f 2817 2814 3218
f 3218 2814 3221
f 3270 3267 2742
f 2742 3267 2745
f 2803 2800 3285
f 3285 2800 3288